,id,kind,Name,Source,MetadataVersion,AttributeMap.FieldName,AttributeMap.AttributeType,AttributeMap.Coverage,AttributeMap.DifferenceType,AttributeMap.MapType,AttributeMap.Name,AttributeMap.SeismicDifference,AttributeMap.SeismicTraceContent,CalculationWindow.WindowMode,CalculationWindow.TopHorizonName,CalculationWindow.BaseHorizonName,CalculationWindow.TopHorizonOffset,CalculationWindow.BaseHorizonOffset,CalculationWindow.HorizonName,CalculationWindow.HorizonOffsetShallow,CalculationWindow.HorizonOffsetDeep,SeismicProcessingTraces.SeismicVolumeA,SeismicProcessingTraces.SeismicVolumeB,IrapBinaryID
0,npequinor-dev:work-product-component--GenericRepresentation:31134b374e9d4113ad7359db76accfb2,osdu:wks:work-product-component--GenericRepresentation:1.1.0,4D_JS_FulRes_21sp-20au_DiffTS_0535_rms,Auto4D,0.3.2,JOHAN SVERDRUP,RMS,Full,AttributeOfDifference,4D,4D_JS_FulRes_21sp-20au_DiffTS_0535_rms,TimeshiftedDifference,Amplitude,BetweenHorizons,3D+TAasgard+JS+Z22+Merge_EQ20231_PH2DG3,3D+IUTU+JS+Z22+Merge_EQ20231_PH2DG3,-10.0,10.0,,,,EQ21200DZC23A-KPSDM-RAW-FULL-0535-TIME,EQ20231DZC23A-KPSDM-RAW-FULL-0535-TIME,npequinor-dev:dataset--File.Generic:755cef74-30bb-480a-a2b9-e8996e642cbd
1,npequinor-dev:work-product-component--GenericRepresentation:b654535292214ff3bce4c63a20ac68c1,osdu:wks:work-product-component--GenericRepresentation:1.1.0,4D_JS_FulRes_21sp-19auM_DiffTS_0535_maxp,Auto4D,0.3.2,JOHAN SVERDRUP,MaxNegative,Full,AttributeOfDifference,4D,4D_JS_FulRes_22sp-21sp_Diff_0535_maxn,RawDifference,Amplitude,BetweenHorizons,3D+TAasgard+JS+Z22+Merge_EQ20231_PH2DG3,3D+IUTU+JS+Z22+Merge_EQ20231_PH2DG3,-10.0,10.0,,,,EQ22200DZC23A-KPSDM-RAW-FULL-0535-TIME,EQ21200DZC23A-KPSDM-RAW-FULL-0535-TIME,npequinor-dev:dataset--File.Generic:3533d674-8982-40c1-9f44-e4a9e01d7076
2,npequinor-dev:work-product-component--GenericRepresentation:d8d6df28d80343b991795963801f0981,osdu:wks:work-product-component--GenericRepresentation:1.1.0,4D_JS_FulRes_20au-19auM_dTS_0535_maxn,Auto4D,0.3.2,JOHAN SVERDRUP,RMS,Full,AttributeOfDifference,4D,4D_JS_FulRes_23sp-21sp_DiffTS_0535_rms,TimeshiftedDifference,Amplitude,BetweenHorizons,3D+TAasgard+JS+Z22+Merge_EQ20231_PH2DG3,3D+IUTU+JS+Z22+Merge_EQ20231_PH2DG3,-10.0,10.0,,,,EQ23200DZC23A-KPSDM-RAW-FULL-0535-TIME,EQ21200DZC23A-KPSDM-RAW-FULL-0535-TIME,npequinor-dev:dataset--File.Generic:f79b4390-00ab-4dfe-88af-edac85f52d7e
3,npequinor-dev:work-product-component--GenericRepresentation:1bf5028cfd8c4a02a5e151bb508e3903,osdu:wks:work-product-component--GenericRepresentation:1.1.0,4D_JS_FulRes_23au-20au_Diff_0535P_rms,Auto4D,0.3.2,JOHAN SVERDRUP,MaxPositive,Masked,AttributeOfDifference,4D,4D_JS_FulRes_20au-19auM_Diff_0535_maxp,RawDifference,Amplitude,BetweenHorizons,3D+TAasgard+JS+Z22+Merge_EQ20231_PH2DG3,3D+IUTU+JS+Z22+Merge_EQ20231_PH2DG3,-10.0,10.0,,,,EQ20231DZC23A-KPSDM-RAW-FULL-0535-TIME,EQ19231DZC23A-KPSDM-RAW-FULL-0535-TIME,npequinor-dev:dataset--File.Generic:5f1764eb-f56b-4713-b8ac-b9067d5174bb
4,npequinor-dev:work-product-component--GenericRepresentation:72ac467f3eaf4aa783b6c6b7e8100bfb,osdu:wks:work-product-component--GenericRepresentation:1.1.0,4D_JS_FulRes_20au-19auM_TS_0535_IUTU-10,Auto4D,0.3.2,JOHAN SVERDRUP,value,Masked,AttributeOfDifference,4D,4D_JS_FulRes_20au-19auM_TS_0535_IUTU-10,Extracted,Timeshift,AroundHorizon,,,,,3D+IUTU+JS+Z22+Merge_EQ20231_PH2DG3,10.0,,EQ20231DZC23A-KPSDM-RAW-FULL-0535-TIME,EQ19231DZC23A-KPSDM-RAW-FULL-0535-TIME,npequinor-dev:dataset--File.Generic:9bc46967-bb74-4994-a13f-7630a31a86f2
5,npequinor-dev:work-product-component--GenericRepresentation:8095b9ef5872478aa7edabcc0d75e57e,osdu:wks:work-product-component--GenericRepresentation:1.1.0,4D_JS_FulRes_23au-20au_dTS_0535M_maxp,Auto4D,0.3.2,JOHAN SVERDRUP,MaxPositive,Masked,AttributeOfDifference,4D,4D_JS_FulRes_23au-20au_dTS_0535M_maxp,Extracted,Timestrain,BetweenHorizons,3D+TAasgard+JS+Z22+Merge_EQ20231_PH2DG3,3D+IUTU+JS+Z22+Merge_EQ20231_PH2DG3,-10.0,10.0,,,,EQ23205DZC23B-KPSDM-RAW-FULL-0535-TIME,EQ20231DZC23A-KPSDM-RAW-FULL-0535-TIME,npequinor-dev:dataset--File.Generic:0cbbd332-7f77-4c86-a96f-92016fbafe6e
6,npequinor-dev:work-product-component--GenericRepresentation:ca83347796214869a4fd060f670042d4,osdu:wks:work-product-component--GenericRepresentation:1.1.0,4D_JS_FulRes_23sp-21sp_DiffTS_0535_rms,Auto4D,0.3.2,JOHAN SVERDRUP,RMS,Full,AttributeOfDifference,4D,4D_JS_FulRes_23sp-21sp_DiffTS_0535_rms,TimeshiftedDifference,Amplitude,BetweenHorizons,3D+TAasgard+JS+Z22+Merge_EQ20231_PH2DG3,3D+IUTU+JS+Z22+Merge_EQ20231_PH2DG3,-10.0,10.0,,,,EQ23200DZC23A-KPSDM-RAW-FULL-0535-TIME,EQ21200DZC23A-KPSDM-RAW-FULL-0535-TIME,npequinor-dev:dataset--File.Generic:778f3b5b-7989-4faf-80ac-3c967d1c6f1f
7,npequinor-dev:work-product-component--GenericRepresentation:dfb8d4ed17bd4bb9ad93630d8c19a428,osdu:wks:work-product-component--GenericRepresentation:1.1.0,4D_JS_FulRes_23au-20au_dTS_0535P_maxn,Auto4D,0.3.2,JOHAN SVERDRUP,MaxNegative,Padded,AttributeOfDifference,4D,4D_JS_FulRes_23au-20au_dTS_0535P_maxn,Extracted,Timestrain,BetweenHorizons,3D+TAasgard+JS+Z22+Merge_EQ20231_PH2DG3,3D+IUTU+JS+Z22+Merge_EQ20231_PH2DG3,-10.0,10.0,,,,EQ23205DZC23B-KPSDM-RAW-FULL-0535-TIME,EQ20231DZC23A-KPSDM-RAW-FULL-0535-TIME,npequinor-dev:dataset--File.Generic:7e7a12a6-c064-49d4-9fae-265e49fad3e0
8,npequinor-dev:work-product-component--GenericRepresentation:8c9acff96e354ea2b303b27a11e22e5c,osdu:wks:work-product-component--GenericRepresentation:1.1.0,4D_JS_FulRes_21sp-19auM_DiffTS_0535_maxn,Auto4D,0.3.2,JOHAN SVERDRUP,MaxPositive,Masked,AttributeOfDifference,4D,4D_JS_FulRes_23au-20au_dTS_0535M_maxp,Extracted,Timestrain,BetweenHorizons,3D+TAasgard+JS+Z22+Merge_EQ20231_PH2DG3,3D+IUTU+JS+Z22+Merge_EQ20231_PH2DG3,-10.0,10.0,,,,EQ23205DZC23B-KPSDM-RAW-FULL-0535-TIME,EQ20231DZC23A-KPSDM-RAW-FULL-0535-TIME,npequinor-dev:dataset--File.Generic:aba8653a-21fc-4de6-80f6-296e07537f57
9,npequinor-dev:work-product-component--GenericRepresentation:7a93adba9d8847a0a8ab86095a1a0398,osdu:wks:work-product-component--GenericRepresentation:1.1.0,4D_JS_FulRes_20au-19auM_Diff_0535_rms,Auto4D,0.3.2,JOHAN SVERDRUP,RMS,Padded,AttributeOfDifference,4D,4D_JS_FulRes_23au-20au_RI_0535P_rms,TimeshiftedDifference,RelativeAcousticImpedance,BetweenHorizons,3D+TAasgard+JS+Z22+Merge_EQ20231_PH2DG3,3D+IUTU+JS+Z22+Merge_EQ20231_PH2DG3,-10.0,10.0,,,,EQ23205DZC23B-KPSDM-RAW-FULL-0535-TIME,EQ20231DZC23A-KPSDM-RAW-FULL-0535-TIME,npequinor-dev:dataset--File.Generic:7daf44fb-8b5b-48de-b8b3-24dfd6a432db
10,npequinor-dev:work-product-component--GenericRepresentation:b7821c703ee349d193ce2c71f964b73b,osdu:wks:work-product-component--GenericRepresentation:1.1.0,4D_JS_FulRes_23au-20au_RI_0535P_rms,Auto4D,0.3.2,JOHAN SVERDRUP,RMS,Padded,AttributeOfDifference,4D,4D_JS_FulRes_23au-20au_RI_0535P_rms,TimeshiftedDifference,RelativeAcousticImpedance,BetweenHorizons,3D+TAasgard+JS+Z22+Merge_EQ20231_PH2DG3,3D+IUTU+JS+Z22+Merge_EQ20231_PH2DG3,-10.0,10.0,,,,EQ23205DZC23B-KPSDM-RAW-FULL-0535-TIME,EQ20231DZC23A-KPSDM-RAW-FULL-0535-TIME,npequinor-dev:dataset--File.Generic:f8f0e7e1-5858-40b2-8885-af717fab96a1
11,npequinor-dev:work-product-component--GenericRepresentation:e1c898bd48d14971ba6524e19e913e6b,osdu:wks:work-product-component--GenericRepresentation:1.1.0,4D_JS_FulRes_23au-20au_RI_0535M_maxn,Auto4D,0.3.2,JOHAN SVERDRUP,MaxNegative,Masked,AttributeOfDifference,4D,4D_JS_FulRes_23au-20au_RI_0535M_maxn,TimeshiftedDifference,RelativeAcousticImpedance,BetweenHorizons,3D+TAasgard+JS+Z22+Merge_EQ20231_PH2DG3,3D+IUTU+JS+Z22+Merge_EQ20231_PH2DG3,-10.0,10.0,,,,EQ23205DZC23B-KPSDM-RAW-FULL-0535-TIME,EQ20231DZC23A-KPSDM-RAW-FULL-0535-TIME,npequinor-dev:dataset--File.Generic:31dc4d40-aeb0-4aec-8a1f-c0949f71e736
12,npequinor-dev:work-product-component--GenericRepresentation:cf1da302c8d34209a12b6827fb333bd2,osdu:wks:work-product-component--GenericRepresentation:1.1.0,4D_JS_FulRes_22sp-20aut_dTS_0535_maxp,Auto4D,0.3.2,JOHAN SVERDRUP,MaxPositive,Full,AttributeOfDifference,4D,4D_JS_FulRes_22sp-20aut_dTS_0535_maxp,Extracted,Timestrain,BetweenHorizons,3D+TAasgard+JS+Z22+Merge_EQ20231_PH2DG3,3D+IUTU+JS+Z22+Merge_EQ20231_PH2DG3,-10.0,10.0,,,,EQ22200DZC23A-KPSDM-RAW-FULL-0535-TIME,EQ20231DZC23A-KPSDM-RAW-FULL-0535-TIME,npequinor-dev:dataset--File.Generic:08c2b9d3-e8f6-41e0-b4b1-ceb6b29857b0
13,npequinor-dev:work-product-component--GenericRepresentation:4babfc14134641deac47f9c1cbba9d52,osdu:wks:work-product-component--GenericRepresentation:1.1.0,4D_JS_FulRes_23sp-21sp_DiffTS_0535_maxp,Auto4D,0.3.2,JOHAN SVERDRUP,MaxPositive,Full,AttributeOfDifference,4D,4D_JS_FulRes_23sp-21sp_DiffTS_0535_maxp,TimeshiftedDifference,Amplitude,BetweenHorizons,3D+TAasgard+JS+Z22+Merge_EQ20231_PH2DG3,3D+IUTU+JS+Z22+Merge_EQ20231_PH2DG3,-10.0,10.0,,,,EQ23200DZC23A-KPSDM-RAW-FULL-0535-TIME,EQ21200DZC23A-KPSDM-RAW-FULL-0535-TIME,npequinor-dev:dataset--File.Generic:1a36a71e-027d-4cf5-b081-f02fc0bbaa23
14,npequinor-dev:work-product-component--GenericRepresentation:f69d0a42bd764e80ba914825fcc85a7a,osdu:wks:work-product-component--GenericRepresentation:1.1.0,4D_JS_FulRes_23sp-20aut_Diff_0535_maxp,Auto4D,0.3.2,JOHAN SVERDRUP,MaxPositive,Full,AttributeOfDifference,4D,4D_JS_FulRes_23sp-20aut_Diff_0535_maxp,RawDifference,Amplitude,BetweenHorizons,3D+TAasgard+JS+Z22+Merge_EQ20231_PH2DG3,3D+IUTU+JS+Z22+Merge_EQ20231_PH2DG3,-10.0,10.0,,,,EQ23200DZC23A-KPSDM-RAW-FULL-0535-TIME,EQ20231DZC23A-KPSDM-RAW-FULL-0535-TIME,npequinor-dev:dataset--File.Generic:d61cc92f-ea89-4a08-b9b7-63934d161b37
15,npequinor-dev:work-product-component--GenericRepresentation:a71b33770fb648c7b8afc155e019e4e4,osdu:wks:work-product-component--GenericRepresentation:1.1.0,4D_JS_FulRes_20au-19auM_Quadr_0535_maxn,Auto4D,0.3.2,JOHAN SVERDRUP,MaxNegative,Masked,AttributeOfDifference,4D,4D_JS_FulRes_20au-19auM_Quadr_0535_maxn,TimeshiftedDifference,Quadrature,BetweenHorizons,3D+TAasgard+JS+Z22+Merge_EQ20231_PH2DG3,3D+IUTU+JS+Z22+Merge_EQ20231_PH2DG3,-10.0,10.0,,,,EQ20231DZC23A-KPSDM-RAW-FULL-0535-TIME,EQ19231DZC23A-KPSDM-RAW-FULL-0535-TIME,npequinor-dev:dataset--File.Generic:b77ed68b-86f5-48d5-8eec-5bc0f2f642af
16,npequinor-dev:work-product-component--GenericRepresentation:c949a1a2dc2645d3927f613e27a67e1e,osdu:wks:work-product-component--GenericRepresentation:1.1.0,4D_JS_FulRes_21sp-19auM_dTS_0535_maxp,Auto4D,0.3.2,JOHAN SVERDRUP,MaxNegative,Masked,AttributeOfDifference,4D,4D_JS_FulRes_20au-19auM_Quadr_0535_maxn,TimeshiftedDifference,Quadrature,BetweenHorizons,3D+TAasgard+JS+Z22+Merge_EQ20231_PH2DG3,3D+IUTU+JS+Z22+Merge_EQ20231_PH2DG3,-10.0,10.0,,,,EQ20231DZC23A-KPSDM-RAW-FULL-0535-TIME,EQ19231DZC23A-KPSDM-RAW-FULL-0535-TIME,npequinor-dev:dataset--File.Generic:403e42ff-5d7b-4069-bba6-420e8a781834
17,npequinor-dev:work-product-component--GenericRepresentation:412118c7e1b349f9881f476c89eb7ae9,osdu:wks:work-product-component--GenericRepresentation:1.1.0,4D_JS_FulRes_22sp-20au_TS_0535_IUTU-10ms,Auto4D,0.3.2,JOHAN SVERDRUP,RMS,Full,AttributeOfDifference,4D,4D_JS_FulRes_23sp-21sp_Diff_0535_rms,RawDifference,Amplitude,BetweenHorizons,3D+TAasgard+JS+Z22+Merge_EQ20231_PH2DG3,3D+IUTU+JS+Z22+Merge_EQ20231_PH2DG3,-10.0,10.0,,,,EQ23200DZC23A-KPSDM-RAW-FULL-0535-TIME,EQ21200DZC23A-KPSDM-RAW-FULL-0535-TIME,npequinor-dev:dataset--File.Generic:3e62ce55-9105-4842-83d4-fb0c2567ed50
18,npequinor-dev:work-product-component--GenericRepresentation:1faa3f383bcb4b3285bf46b0ba6c79e3,osdu:wks:work-product-component--GenericRepresentation:1.1.0,4D_JS_FulRes_23sp-21sp_Diff_0535_rms,Auto4D,0.3.2,JOHAN SVERDRUP,RMS,Full,AttributeOfDifference,4D,4D_JS_FulRes_23sp-21sp_Diff_0535_rms,RawDifference,Amplitude,BetweenHorizons,3D+TAasgard+JS+Z22+Merge_EQ20231_PH2DG3,3D+IUTU+JS+Z22+Merge_EQ20231_PH2DG3,-10.0,10.0,,,,EQ23200DZC23A-KPSDM-RAW-FULL-0535-TIME,EQ21200DZC23A-KPSDM-RAW-FULL-0535-TIME,npequinor-dev:dataset--File.Generic:6e82244f-02fb-47ac-afef-b82e3550f0bb
19,npequinor-dev:work-product-component--GenericRepresentation:ba91bbd54e9545848ed58a1c592e0e65,osdu:wks:work-product-component--GenericRepresentation:1.1.0,4D_JS_FulRes_23au-20au_DiffTS_0535P_maxn,Auto4D,0.3.2,JOHAN SVERDRUP,MaxNegative,Padded,AttributeOfDifference,4D,4D_JS_FulRes_23au-20au_DiffTS_0535P_maxn,TimeshiftedDifference,Amplitude,BetweenHorizons,3D+TAasgard+JS+Z22+Merge_EQ20231_PH2DG3,3D+IUTU+JS+Z22+Merge_EQ20231_PH2DG3,-10.0,10.0,,,,EQ23205DZC23B-KPSDM-RAW-FULL-0535-TIME,EQ20231DZC23A-KPSDM-RAW-FULL-0535-TIME,npequinor-dev:dataset--File.Generic:b84788b3-610a-4981-80f8-169271b9f5d0
20,npequinor-dev:work-product-component--GenericRepresentation:67c58a28caa540cbb22e061d634df0f1,osdu:wks:work-product-component--GenericRepresentation:1.1.0,4D_JS_FulRes_20au-19auM_DiffTS_0535_rms,Auto4D,0.3.2,JOHAN SVERDRUP,RMS,Masked,AttributeOfDifference,4D,4D_JS_FulRes_20au-19auM_DiffTS_0535_rms,TimeshiftedDifference,Amplitude,BetweenHorizons,3D+TAasgard+JS+Z22+Merge_EQ20231_PH2DG3,3D+IUTU+JS+Z22+Merge_EQ20231_PH2DG3,-10.0,10.0,,,,EQ20231DZC23A-KPSDM-RAW-FULL-0535-TIME,EQ19231DZC23A-KPSDM-RAW-FULL-0535-TIME,npequinor-dev:dataset--File.Generic:1c24a757-5790-43c2-816b-46eb14b8e567
21,npequinor-dev:work-product-component--GenericRepresentation:3815abe002844a79bdc2e7aa23e21d8d,osdu:wks:work-product-component--GenericRepresentation:1.1.0,4D_JS_FulRes_21sp-20au_Diff_0535_maxp,Auto4D,0.3.2,JOHAN SVERDRUP,MaxNegative,Masked,AttributeOfDifference,4D,4D_JS_FulRes_23au-20au_dTS_0535M_maxn,Extracted,Timestrain,BetweenHorizons,3D+TAasgard+JS+Z22+Merge_EQ20231_PH2DG3,3D+IUTU+JS+Z22+Merge_EQ20231_PH2DG3,-10.0,10.0,,,,EQ23205DZC23B-KPSDM-RAW-FULL-0535-TIME,EQ20231DZC23A-KPSDM-RAW-FULL-0535-TIME,npequinor-dev:dataset--File.Generic:41e7e94d-8990-4eb5-aa09-6b49718e3aaf
22,npequinor-dev:work-product-component--GenericRepresentation:c46d497951b4453999e70ab3580f9f16,osdu:wks:work-product-component--GenericRepresentation:1.1.0,4D_JS_FulRes_22sp-21sp_Diff_0535_maxp,Auto4D,0.3.2,JOHAN SVERDRUP,RMS,Masked,AttributeOfDifference,4D,4D_JS_FulRes_20au-19auM_DiffTS_0535_rms,TimeshiftedDifference,Amplitude,BetweenHorizons,3D+TAasgard+JS+Z22+Merge_EQ20231_PH2DG3,3D+IUTU+JS+Z22+Merge_EQ20231_PH2DG3,-10.0,10.0,,,,EQ20231DZC23A-KPSDM-RAW-FULL-0535-TIME,EQ19231DZC23A-KPSDM-RAW-FULL-0535-TIME,npequinor-dev:dataset--File.Generic:a8c703f9-8554-4a1d-8323-4bef1d58f4ec
23,npequinor-dev:work-product-component--GenericRepresentation:fc592f16f6384f2490801534bd85dfc6,osdu:wks:work-product-component--GenericRepresentation:1.1.0,4D_JS_FulRes_21sp-19auM_Diff_0535_maxn,Auto4D,0.3.2,JOHAN SVERDRUP,MaxNegative,Masked,AttributeOfDifference,4D,4D_JS_FulRes_21sp-19auM_Diff_0535_maxn,RawDifference,Amplitude,BetweenHorizons,3D+TAasgard+JS+Z22+Merge_EQ20231_PH2DG3,3D+IUTU+JS+Z22+Merge_EQ20231_PH2DG3,-10.0,10.0,,,,EQ21200DZC23A-KPSDM-RAW-FULL-0535-TIME,EQ19231DZC23A-KPSDM-RAW-FULL-0535-TIME,npequinor-dev:dataset--File.Generic:7f21aa5f-d130-4386-9159-92c84deb3ac6
24,npequinor-dev:work-product-component--GenericRepresentation:07c9cf24b6b2450fb19a3fe3484c8d69,osdu:wks:work-product-component--GenericRepresentation:1.1.0,4D_JS_FulRes_23au-20au_RI_0535P_maxp,Auto4D,0.3.2,JOHAN SVERDRUP,MaxNegative,Masked,AttributeOfDifference,4D,4D_JS_FulRes_23au-20au_DiffTS_0535M_maxn,TimeshiftedDifference,Amplitude,BetweenHorizons,3D+TAasgard+JS+Z22+Merge_EQ20231_PH2DG3,3D+IUTU+JS+Z22+Merge_EQ20231_PH2DG3,-10.0,10.0,,,,EQ23205DZC23B-KPSDM-RAW-FULL-0535-TIME,EQ20231DZC23A-KPSDM-RAW-FULL-0535-TIME,npequinor-dev:dataset--File.Generic:bb9a5cff-adf3-4924-b5b8-d066e068dd7c
25,npequinor-dev:work-product-component--GenericRepresentation:9676349f47bf4248998ba9405bf8b4b2,osdu:wks:work-product-component--GenericRepresentation:1.1.0,4D_JS_FulRes_21sp-20au_DiffTS_0535_maxn,Auto4D,0.3.2,JOHAN SVERDRUP,MaxNegative,Masked,AttributeOfDifference,4D,4D_JS_FulRes_23au-20au_DiffTS_0535M_maxn,TimeshiftedDifference,Amplitude,BetweenHorizons,3D+TAasgard+JS+Z22+Merge_EQ20231_PH2DG3,3D+IUTU+JS+Z22+Merge_EQ20231_PH2DG3,-10.0,10.0,,,,EQ23205DZC23B-KPSDM-RAW-FULL-0535-TIME,EQ20231DZC23A-KPSDM-RAW-FULL-0535-TIME,npequinor-dev:dataset--File.Generic:4b2a41e6-141f-4c60-a565-f2949b8066b2
26,npequinor-dev:work-product-component--GenericRepresentation:fbef3588b95b4332aa4586f76be16ce6,osdu:wks:work-product-component--GenericRepresentation:1.1.0,4D_JS_FulRes_23au-20au_DiffTS_0535M_maxn,Auto4D,0.3.2,JOHAN SVERDRUP,MaxNegative,Masked,AttributeOfDifference,4D,4D_JS_FulRes_23au-20au_DiffTS_0535M_maxn,TimeshiftedDifference,Amplitude,BetweenHorizons,3D+TAasgard+JS+Z22+Merge_EQ20231_PH2DG3,3D+IUTU+JS+Z22+Merge_EQ20231_PH2DG3,-10.0,10.0,,,,EQ23205DZC23B-KPSDM-RAW-FULL-0535-TIME,EQ20231DZC23A-KPSDM-RAW-FULL-0535-TIME,npequinor-dev:dataset--File.Generic:65593620-78cc-4949-a978-3a66ad528220
27,npequinor-dev:work-product-component--GenericRepresentation:3d445885b3334f9080ad2d9cab014a81,osdu:wks:work-product-component--GenericRepresentation:1.1.0,4D_JS_FulRes_21sp-19auM_Quadr_0535_rms,Auto4D,0.3.2,JOHAN SVERDRUP,RMS,Masked,AttributeOfDifference,4D,4D_JS_FulRes_21sp-19auM_Quadr_0535_rms,TimeshiftedDifference,Quadrature,BetweenHorizons,3D+TAasgard+JS+Z22+Merge_EQ20231_PH2DG3,3D+IUTU+JS+Z22+Merge_EQ20231_PH2DG3,-10.0,10.0,,,,EQ21200DZC23A-KPSDM-RAW-FULL-0535-TIME,EQ19231DZC23A-KPSDM-RAW-FULL-0535-TIME,npequinor-dev:dataset--File.Generic:2d1a4977-2f95-4fc5-845d-7670f95765b3
28,npequinor-dev:work-product-component--GenericRepresentation:417834415d4645c1963561cc766ebb56,osdu:wks:work-product-component--GenericRepresentation:1.1.0,4D_JS_FulRes_23au-20au_RI_0535M_maxp,Auto4D,0.3.2,JOHAN SVERDRUP,MaxNegative,Full,AttributeOfDifference,4D,4D_JS_FulRes_22sp-21sp_DiffTS_0535_maxn,TimeshiftedDifference,Amplitude,BetweenHorizons,3D+TAasgard+JS+Z22+Merge_EQ20231_PH2DG3,3D+IUTU+JS+Z22+Merge_EQ20231_PH2DG3,-10.0,10.0,,,,EQ22200DZC23A-KPSDM-RAW-FULL-0535-TIME,EQ21200DZC23A-KPSDM-RAW-FULL-0535-TIME,npequinor-dev:dataset--File.Generic:b1337b62-4889-4a72-92c6-5f886804d091
29,npequinor-dev:work-product-component--GenericRepresentation:ec624902a23940e1b185a832c05249c1,osdu:wks:work-product-component--GenericRepresentation:1.1.0,4D_JS_FulRes_22sp-21sp_DiffTS_0535_maxn,Auto4D,0.3.2,JOHAN SVERDRUP,MaxNegative,Full,AttributeOfDifference,4D,4D_JS_FulRes_22sp-21sp_DiffTS_0535_maxn,TimeshiftedDifference,Amplitude,BetweenHorizons,3D+TAasgard+JS+Z22+Merge_EQ20231_PH2DG3,3D+IUTU+JS+Z22+Merge_EQ20231_PH2DG3,-10.0,10.0,,,,EQ22200DZC23A-KPSDM-RAW-FULL-0535-TIME,EQ21200DZC23A-KPSDM-RAW-FULL-0535-TIME,npequinor-dev:dataset--File.Generic:9b0f6354-a3c9-4006-a3a4-e1fbac82ebfe
30,npequinor-dev:work-product-component--GenericRepresentation:d3bda58684b9448680b0908253210161,osdu:wks:work-product-component--GenericRepresentation:1.1.0,4D_JS_FulRes_23au-20au_DiffTS_0535P_rms,Auto4D,0.3.2,JOHAN SVERDRUP,RMS,Padded,AttributeOfDifference,4D,4D_JS_FulRes_23au-20au_DiffTS_0535P_rms,TimeshiftedDifference,Amplitude,BetweenHorizons,3D+TAasgard+JS+Z22+Merge_EQ20231_PH2DG3,3D+IUTU+JS+Z22+Merge_EQ20231_PH2DG3,-10.0,10.0,,,,EQ23205DZC23B-KPSDM-RAW-FULL-0535-TIME,EQ20231DZC23A-KPSDM-RAW-FULL-0535-TIME,npequinor-dev:dataset--File.Generic:002022ac-ba6b-422a-b035-207e011324ce
31,npequinor-dev:work-product-component--GenericRepresentation:a18e5138042d4b658b7045e17e1d42a8,osdu:wks:work-product-component--GenericRepresentation:1.1.0,4D_JS_FulRes_23sp-22sp_Diff_0535_maxp,Auto4D,0.3.2,JOHAN SVERDRUP,MaxPositive,Padded,AttributeOfDifference,4D,4D_JS_FulRes_23au-20au_Diff_0535P_maxp,RawDifference,Amplitude,BetweenHorizons,3D+TAasgard+JS+Z22+Merge_EQ20231_PH2DG3,3D+IUTU+JS+Z22+Merge_EQ20231_PH2DG3,-10.0,10.0,,,,EQ23205DZC23B-KPSDM-RAW-FULL-0535-TIME,EQ20231DZC23A-KPSDM-RAW-FULL-0535-TIME,npequinor-dev:dataset--File.Generic:2946ea13-b61e-40f2-9dcb-c07fa0f13b98
32,npequinor-dev:work-product-component--GenericRepresentation:13ab3e9035f94df9b7e5ba8fd9b6a1da,osdu:wks:work-product-component--GenericRepresentation:1.1.0,4D_JS_FulRes_23au-20au_Diff_0535P_maxp,Auto4D,0.3.2,JOHAN SVERDRUP,MaxPositive,Masked,AttributeOfDifference,4D,4D_JS_FulRes_20au-19auM_dTS_0535_maxp,Extracted,Timestrain,BetweenHorizons,3D+TAasgard+JS+Z22+Merge_EQ20231_PH2DG3,3D+IUTU+JS+Z22+Merge_EQ20231_PH2DG3,-10.0,10.0,,,,EQ20231DZC23A-KPSDM-RAW-FULL-0535-TIME,EQ19231DZC23A-KPSDM-RAW-FULL-0535-TIME,npequinor-dev:dataset--File.Generic:1b8ba342-6384-4356-b6f8-cbdd816ed16a
33,npequinor-dev:work-product-component--GenericRepresentation:fac25aac1aee4ce897fca78e69568c45,osdu:wks:work-product-component--GenericRepresentation:1.1.0,4D_JS_FulRes_20au-19auM_dTS_0535_rms,Auto4D,0.3.2,JOHAN SVERDRUP,MaxPositive,Padded,AttributeOfDifference,4D,4D_JS_FulRes_23au-20au_Quadr_0535P_maxp,TimeshiftedDifference,Quadrature,BetweenHorizons,3D+TAasgard+JS+Z22+Merge_EQ20231_PH2DG3,3D+IUTU+JS+Z22+Merge_EQ20231_PH2DG3,-10.0,10.0,,,,EQ23205DZC23B-KPSDM-RAW-FULL-0535-TIME,EQ20231DZC23A-KPSDM-RAW-FULL-0535-TIME,npequinor-dev:dataset--File.Generic:055c397f-7a4f-4148-9b90-9209e149504c
34,npequinor-dev:work-product-component--GenericRepresentation:f79d9ddf51e743be9f6a514584768974,osdu:wks:work-product-component--GenericRepresentation:1.1.0,4D_JS_FulRes_23sp-22sp_Diff_0535_rms,Auto4D,0.3.2,JOHAN SVERDRUP,MaxPositive,Full,AttributeOfDifference,4D,4D_JS_FulRes_22sp-20aut_dTS_0535_maxp,Extracted,Timestrain,BetweenHorizons,3D+TAasgard+JS+Z22+Merge_EQ20231_PH2DG3,3D+IUTU+JS+Z22+Merge_EQ20231_PH2DG3,-10.0,10.0,,,,EQ22200DZC23A-KPSDM-RAW-FULL-0535-TIME,EQ20231DZC23A-KPSDM-RAW-FULL-0535-TIME,npequinor-dev:dataset--File.Generic:af96de9c-f514-48e4-be03-d7e6831db843
35,npequinor-dev:work-product-component--GenericRepresentation:e7d0958e3de749728a3376658a6e9396,osdu:wks:work-product-component--GenericRepresentation:1.1.0,4D_JS_FulRes_22sp-20aut_Quadr_0535_maxn,Auto4D,0.3.2,JOHAN SVERDRUP,RMS,Full,AttributeOfDifference,4D,4D_JS_FulRes_21sp-20au_Diff_0535_rms,RawDifference,Amplitude,BetweenHorizons,3D+TAasgard+JS+Z22+Merge_EQ20231_PH2DG3,3D+IUTU+JS+Z22+Merge_EQ20231_PH2DG3,-10.0,10.0,,,,EQ21200DZC23A-KPSDM-RAW-FULL-0535-TIME,EQ20231DZC23A-KPSDM-RAW-FULL-0535-TIME,npequinor-dev:dataset--File.Generic:8aa9d81c-6f10-4dd3-a8e7-70a98b9c00d6
36,npequinor-dev:work-product-component--GenericRepresentation:be75f2cba49f41359c89f6ae8b5ef436,osdu:wks:work-product-component--GenericRepresentation:1.1.0,4D_JS_FulRes_21sp-20au_Diff_0535_rms,Auto4D,0.3.2,JOHAN SVERDRUP,RMS,Full,AttributeOfDifference,4D,4D_JS_FulRes_21sp-20au_Diff_0535_rms,RawDifference,Amplitude,BetweenHorizons,3D+TAasgard+JS+Z22+Merge_EQ20231_PH2DG3,3D+IUTU+JS+Z22+Merge_EQ20231_PH2DG3,-10.0,10.0,,,,EQ21200DZC23A-KPSDM-RAW-FULL-0535-TIME,EQ20231DZC23A-KPSDM-RAW-FULL-0535-TIME,npequinor-dev:dataset--File.Generic:0a26a099-067f-427a-98cc-f81fce83e73f
37,npequinor-dev:work-product-component--GenericRepresentation:6c912bcdaa41440f91428825dc6b8d2f,osdu:wks:work-product-component--GenericRepresentation:1.1.0,4D_JS_FulRes_23au-20au_Quadr_0535P_maxp,Auto4D,0.3.2,JOHAN SVERDRUP,MaxPositive,Padded,AttributeOfDifference,4D,4D_JS_FulRes_23au-20au_Quadr_0535P_maxp,TimeshiftedDifference,Quadrature,BetweenHorizons,3D+TAasgard+JS+Z22+Merge_EQ20231_PH2DG3,3D+IUTU+JS+Z22+Merge_EQ20231_PH2DG3,-10.0,10.0,,,,EQ23205DZC23B-KPSDM-RAW-FULL-0535-TIME,EQ20231DZC23A-KPSDM-RAW-FULL-0535-TIME,npequinor-dev:dataset--File.Generic:c8ae396c-fba1-4a17-bf72-24a7147e33d1
38,npequinor-dev:work-product-component--GenericRepresentation:3fe58fa9e711497f9b6b65da5c0aa22e,osdu:wks:work-product-component--GenericRepresentation:1.1.0,4D_JS_FulRes_22sp-20aut_DiffTS_0535_maxp,Auto4D,0.3.2,JOHAN SVERDRUP,RMS,Full,AttributeOfDifference,4D,4D_JS_FulRes_23sp-20aut_DiffTS_0535_rms,TimeshiftedDifference,Amplitude,BetweenHorizons,3D+TAasgard+JS+Z22+Merge_EQ20231_PH2DG3,3D+IUTU+JS+Z22+Merge_EQ20231_PH2DG3,-10.0,10.0,,,,EQ23200DZC23A-KPSDM-RAW-FULL-0535-TIME,EQ20231DZC23A-KPSDM-RAW-FULL-0535-TIME,npequinor-dev:dataset--File.Generic:d8885b17-bc93-42f2-acf4-97b789b867fe
39,npequinor-dev:work-product-component--GenericRepresentation:9c57539aeb0941e2a140f8af6f917aa4,osdu:wks:work-product-component--GenericRepresentation:1.1.0,4D_JS_FulRes_22sp-20aut_DiffTS_0535_rms,Auto4D,0.3.2,JOHAN SVERDRUP,RMS,Full,AttributeOfDifference,4D,4D_JS_FulRes_22sp-20aut_DiffTS_0535_rms,TimeshiftedDifference,Amplitude,BetweenHorizons,3D+TAasgard+JS+Z22+Merge_EQ20231_PH2DG3,3D+IUTU+JS+Z22+Merge_EQ20231_PH2DG3,-10.0,10.0,,,,EQ22200DZC23A-KPSDM-RAW-FULL-0535-TIME,EQ20231DZC23A-KPSDM-RAW-FULL-0535-TIME,npequinor-dev:dataset--File.Generic:fa4a21c9-05a1-4205-81c1-0e5df87c5a57
40,npequinor-dev:work-product-component--GenericRepresentation:186ba19618bb4dc1be43c2d6a7032d11,osdu:wks:work-product-component--GenericRepresentation:1.1.0,4D_JS_FulRes_22sp-21sp_DiffTS_0535_rms,Auto4D,0.3.2,JOHAN SVERDRUP,RMS,Full,AttributeOfDifference,4D,4D_JS_FulRes_22sp-21sp_DiffTS_0535_rms,TimeshiftedDifference,Amplitude,BetweenHorizons,3D+TAasgard+JS+Z22+Merge_EQ20231_PH2DG3,3D+IUTU+JS+Z22+Merge_EQ20231_PH2DG3,-10.0,10.0,,,,EQ22200DZC23A-KPSDM-RAW-FULL-0535-TIME,EQ21200DZC23A-KPSDM-RAW-FULL-0535-TIME,npequinor-dev:dataset--File.Generic:f88f4740-4075-438e-92f8-181ed5042765
41,npequinor-dev:work-product-component--GenericRepresentation:2da60eb521284ef099e00cdc50aa0c40,osdu:wks:work-product-component--GenericRepresentation:1.1.0,4D_JS_FulRes_23au-20au_RI_0535P_maxn,Auto4D,0.3.2,JOHAN SVERDRUP,MaxNegative,Padded,AttributeOfDifference,4D,4D_JS_FulRes_23au-20au_RI_0535P_maxn,TimeshiftedDifference,RelativeAcousticImpedance,BetweenHorizons,3D+TAasgard+JS+Z22+Merge_EQ20231_PH2DG3,3D+IUTU+JS+Z22+Merge_EQ20231_PH2DG3,-10.0,10.0,,,,EQ23205DZC23B-KPSDM-RAW-FULL-0535-TIME,EQ20231DZC23A-KPSDM-RAW-FULL-0535-TIME,npequinor-dev:dataset--File.Generic:8d2524cd-fba3-441a-872c-1e5a88153705
42,npequinor-dev:work-product-component--GenericRepresentation:78521aa1a53146d6a256994f2fd97011,osdu:wks:work-product-component--GenericRepresentation:1.1.0,4D_JS_FulRes_23au-20au_Quadr_0535M_maxn,Auto4D,0.3.2,JOHAN SVERDRUP,MaxNegative,Masked,AttributeOfDifference,4D,4D_JS_FulRes_23au-20au_Quadr_0535M_maxn,TimeshiftedDifference,Quadrature,BetweenHorizons,3D+TAasgard+JS+Z22+Merge_EQ20231_PH2DG3,3D+IUTU+JS+Z22+Merge_EQ20231_PH2DG3,-10.0,10.0,,,,EQ23205DZC23B-KPSDM-RAW-FULL-0535-TIME,EQ20231DZC23A-KPSDM-RAW-FULL-0535-TIME,npequinor-dev:dataset--File.Generic:8ed462eb-427a-4b49-b7b2-2d2ed59b781b
43,npequinor-dev:work-product-component--GenericRepresentation:3ec42a23fd02479296b1d850a2af8011,osdu:wks:work-product-component--GenericRepresentation:1.1.0,4D_JS_FulRes_23au-20au_Diff_0535P_maxn,Auto4D,0.3.2,JOHAN SVERDRUP,MaxNegative,Padded,AttributeOfDifference,4D,4D_JS_FulRes_23au-20au_Diff_0535P_maxn,RawDifference,Amplitude,BetweenHorizons,3D+TAasgard+JS+Z22+Merge_EQ20231_PH2DG3,3D+IUTU+JS+Z22+Merge_EQ20231_PH2DG3,-10.0,10.0,,,,EQ23205DZC23B-KPSDM-RAW-FULL-0535-TIME,EQ20231DZC23A-KPSDM-RAW-FULL-0535-TIME,npequinor-dev:dataset--File.Generic:e974dcb0-2737-4ef2-9c81-08217371742a
44,npequinor-dev:work-product-component--GenericRepresentation:86a10cfd552347059239a56652c59ea9,osdu:wks:work-product-component--GenericRepresentation:1.1.0,4D_JS_FulRes_23sp-20aut_Diff_0535_rms,Auto4D,0.3.2,JOHAN SVERDRUP,MaxNegative,Padded,AttributeOfDifference,4D,4D_JS_FulRes_23au-20au_Diff_0535P_maxn,RawDifference,Amplitude,BetweenHorizons,3D+TAasgard+JS+Z22+Merge_EQ20231_PH2DG3,3D+IUTU+JS+Z22+Merge_EQ20231_PH2DG3,-10.0,10.0,,,,EQ23205DZC23B-KPSDM-RAW-FULL-0535-TIME,EQ20231DZC23A-KPSDM-RAW-FULL-0535-TIME,npequinor-dev:dataset--File.Generic:3423b2d1-ea0b-44c7-89b3-e99e9684d86e
45,npequinor-dev:work-product-component--GenericRepresentation:50dc3a003b33462a914cb1a649b7dcbb,osdu:wks:work-product-component--GenericRepresentation:1.1.0,4D_JS_FulRes_23au-20au_dTS_0535P_maxp,Auto4D,0.3.2,JOHAN SVERDRUP,RMS,Masked,AttributeOfDifference,4D,4D_JS_FulRes_20au-19auM_Quadr_0535_rms,TimeshiftedDifference,Quadrature,BetweenHorizons,3D+TAasgard+JS+Z22+Merge_EQ20231_PH2DG3,3D+IUTU+JS+Z22+Merge_EQ20231_PH2DG3,-10.0,10.0,,,,EQ20231DZC23A-KPSDM-RAW-FULL-0535-TIME,EQ19231DZC23A-KPSDM-RAW-FULL-0535-TIME,npequinor-dev:dataset--File.Generic:e0b6c0a1-b9f5-4ad5-80e6-ffcb426b5e22
46,npequinor-dev:work-product-component--GenericRepresentation:a874703e573444599a911960442837b8,osdu:wks:work-product-component--GenericRepresentation:1.1.0,4D_JS_FulRes_21sp-19auM_dTS_0535_rms,Auto4D,0.3.2,JOHAN SVERDRUP,RMS,Masked,AttributeOfDifference,4D,4D_JS_FulRes_23au-20au_dTS_0535M_rms,Extracted,Timestrain,BetweenHorizons,3D+TAasgard+JS+Z22+Merge_EQ20231_PH2DG3,3D+IUTU+JS+Z22+Merge_EQ20231_PH2DG3,-10.0,10.0,,,,EQ23205DZC23B-KPSDM-RAW-FULL-0535-TIME,EQ20231DZC23A-KPSDM-RAW-FULL-0535-TIME,npequinor-dev:dataset--File.Generic:7740ef19-79b7-449f-8585-dec486233386
47,npequinor-dev:work-product-component--GenericRepresentation:7a5b83bde6ac470ba0e256e41ab0510d,osdu:wks:work-product-component--GenericRepresentation:1.1.0,4D_JS_FulRes_20au-19auM_dTS_0535_maxp,Auto4D,0.3.2,JOHAN SVERDRUP,RMS,Masked,AttributeOfDifference,4D,4D_JS_FulRes_23au-20au_dTS_0535M_rms,Extracted,Timestrain,BetweenHorizons,3D+TAasgard+JS+Z22+Merge_EQ20231_PH2DG3,3D+IUTU+JS+Z22+Merge_EQ20231_PH2DG3,-10.0,10.0,,,,EQ23205DZC23B-KPSDM-RAW-FULL-0535-TIME,EQ20231DZC23A-KPSDM-RAW-FULL-0535-TIME,npequinor-dev:dataset--File.Generic:e6c7bfa9-3643-4e06-9d9c-2ceb719cc433
48,npequinor-dev:work-product-component--GenericRepresentation:ba6749c2064442ae927338475ffa5627,osdu:wks:work-product-component--GenericRepresentation:1.1.0,4D_JS_FulRes_21sp-20au_Diff_0535_maxn,Auto4D,0.3.2,JOHAN SVERDRUP,RMS,Masked,AttributeOfDifference,4D,4D_JS_FulRes_23au-20au_dTS_0535M_rms,Extracted,Timestrain,BetweenHorizons,3D+TAasgard+JS+Z22+Merge_EQ20231_PH2DG3,3D+IUTU+JS+Z22+Merge_EQ20231_PH2DG3,-10.0,10.0,,,,EQ23205DZC23B-KPSDM-RAW-FULL-0535-TIME,EQ20231DZC23A-KPSDM-RAW-FULL-0535-TIME,npequinor-dev:dataset--File.Generic:74a7b035-d793-43bc-9d1b-b7a1bc4341f4
49,npequinor-dev:work-product-component--GenericRepresentation:feb76812ebcd4ef3b1fbd1f64f0fe1ad,osdu:wks:work-product-component--GenericRepresentation:1.1.0,4D_JS_FulRes_23au-20au_Quadr_0535M_maxp,Auto4D,0.3.2,JOHAN SVERDRUP,MaxPositive,Masked,AttributeOfDifference,4D,4D_JS_FulRes_23au-20au_Quadr_0535M_maxp,TimeshiftedDifference,Quadrature,BetweenHorizons,3D+TAasgard+JS+Z22+Merge_EQ20231_PH2DG3,3D+IUTU+JS+Z22+Merge_EQ20231_PH2DG3,-10.0,10.0,,,,EQ23205DZC23B-KPSDM-RAW-FULL-0535-TIME,EQ20231DZC23A-KPSDM-RAW-FULL-0535-TIME,npequinor-dev:dataset--File.Generic:e11a06f8-49f3-425e-9fcc-7f9c5c84ede4
50,npequinor-dev:work-product-component--GenericRepresentation:ce79e67ba2ea4c09b7eff02ea4770772,osdu:wks:work-product-component--GenericRepresentation:1.1.0,4D_JS_FulRes_21sp-19auM_Diff_0535_rms,Auto4D,0.3.2,JOHAN SVERDRUP,RMS,Masked,AttributeOfDifference,4D,4D_JS_FulRes_21sp-19auM_Diff_0535_rms,RawDifference,Amplitude,BetweenHorizons,3D+TAasgard+JS+Z22+Merge_EQ20231_PH2DG3,3D+IUTU+JS+Z22+Merge_EQ20231_PH2DG3,-10.0,10.0,,,,EQ21200DZC23A-KPSDM-RAW-FULL-0535-TIME,EQ19231DZC23A-KPSDM-RAW-FULL-0535-TIME,npequinor-dev:dataset--File.Generic:c000b3a7-ef9a-4e1e-9957-73ae43853602
51,npequinor-dev:work-product-component--GenericRepresentation:12d9da818c1c4ac491d47ce6c164ea9e,osdu:wks:work-product-component--GenericRepresentation:1.1.0,4D_JS_FulRes_23au-20au_Diff_0535M_rms,Auto4D,0.3.2,JOHAN SVERDRUP,RMS,Masked,AttributeOfDifference,4D,4D_JS_FulRes_21sp-19auM_Quadr_0535_rms,TimeshiftedDifference,Quadrature,BetweenHorizons,3D+TAasgard+JS+Z22+Merge_EQ20231_PH2DG3,3D+IUTU+JS+Z22+Merge_EQ20231_PH2DG3,-10.0,10.0,,,,EQ21200DZC23A-KPSDM-RAW-FULL-0535-TIME,EQ19231DZC23A-KPSDM-RAW-FULL-0535-TIME,npequinor-dev:dataset--File.Generic:571f24b9-11ce-4907-8f6e-c86d09784f4e
52,npequinor-dev:work-product-component--GenericRepresentation:6d65f4bb7bbd495bb5fa320e03a55499,osdu:wks:work-product-component--GenericRepresentation:1.1.0,4D_JS_FulRes_23au-20au_TS_0535_IUTU-10,Auto4D,0.3.2,JOHAN SVERDRUP,value,Full,AttributeOfDifference,4D,4D_JS_FulRes_23au-20au_TS_0535_IUTU-10,Extracted,Timeshift,AroundHorizon,,,,,3D+IUTU+JS+Z22+Merge_EQ20231_PH2DG3,10.0,,EQ23205DZC23B-KPSDM-RAW-FULL-0535-TIME,EQ20231DZC23A-KPSDM-RAW-FULL-0535-TIME,npequinor-dev:dataset--File.Generic:08f181b3-21b0-4c36-9fca-9ab020fbb4b4
53,npequinor-dev:work-product-component--GenericRepresentation:9e92f96ff29248ef9e4b45ee6388f1eb,osdu:wks:work-product-component--GenericRepresentation:1.1.0,4D_JS_FulRes_20au-19auM_Quadr_0535_rms,Auto4D,0.3.2,JOHAN SVERDRUP,RMS,Masked,AttributeOfDifference,4D,4D_JS_FulRes_20au-19auM_Quadr_0535_rms,TimeshiftedDifference,Quadrature,BetweenHorizons,3D+TAasgard+JS+Z22+Merge_EQ20231_PH2DG3,3D+IUTU+JS+Z22+Merge_EQ20231_PH2DG3,-10.0,10.0,,,,EQ20231DZC23A-KPSDM-RAW-FULL-0535-TIME,EQ19231DZC23A-KPSDM-RAW-FULL-0535-TIME,npequinor-dev:dataset--File.Generic:4a636698-751a-4de3-8bbe-67687f1f3b1f
54,npequinor-dev:work-product-component--GenericRepresentation:20060321a2fe48038be9dfcac24b2b2a,osdu:wks:work-product-component--GenericRepresentation:1.1.0,4D_JS_FulRes_23sp-20aut_DiffTS_0535_maxn,Auto4D,0.3.2,JOHAN SVERDRUP,RMS,Masked,AttributeOfDifference,4D,4D_JS_FulRes_20au-19auM_Quadr_0535_rms,TimeshiftedDifference,Quadrature,BetweenHorizons,3D+TAasgard+JS+Z22+Merge_EQ20231_PH2DG3,3D+IUTU+JS+Z22+Merge_EQ20231_PH2DG3,-10.0,10.0,,,,EQ20231DZC23A-KPSDM-RAW-FULL-0535-TIME,EQ19231DZC23A-KPSDM-RAW-FULL-0535-TIME,npequinor-dev:dataset--File.Generic:d5079c98-8b96-443e-9d18-ee897f2759d0
55,npequinor-dev:work-product-component--GenericRepresentation:3225fe015bf840979a3090c3c5f958dd,osdu:wks:work-product-component--GenericRepresentation:1.1.0,4D_JS_FulRes_22sp-20aut_Diff_0535_maxp,Auto4D,0.3.2,JOHAN SVERDRUP,MaxNegative,Full,AttributeOfDifference,4D,4D_JS_FulRes_23sp-20aut_Diff_0535_maxn,RawDifference,Amplitude,BetweenHorizons,3D+TAasgard+JS+Z22+Merge_EQ20231_PH2DG3,3D+IUTU+JS+Z22+Merge_EQ20231_PH2DG3,-10.0,10.0,,,,EQ23200DZC23A-KPSDM-RAW-FULL-0535-TIME,EQ20231DZC23A-KPSDM-RAW-FULL-0535-TIME,npequinor-dev:dataset--File.Generic:660c01f4-f3db-4811-b7ec-15de06c5410d
56,npequinor-dev:work-product-component--GenericRepresentation:ba8bffe13fd942a6aa44cb5e94553f85,osdu:wks:work-product-component--GenericRepresentation:1.1.0,4D_JS_FulRes_23sp-20aut_Diff_0535_maxn,Auto4D,0.3.2,JOHAN SVERDRUP,MaxNegative,Full,AttributeOfDifference,4D,4D_JS_FulRes_23sp-20aut_Diff_0535_maxn,RawDifference,Amplitude,BetweenHorizons,3D+TAasgard+JS+Z22+Merge_EQ20231_PH2DG3,3D+IUTU+JS+Z22+Merge_EQ20231_PH2DG3,-10.0,10.0,,,,EQ23200DZC23A-KPSDM-RAW-FULL-0535-TIME,EQ20231DZC23A-KPSDM-RAW-FULL-0535-TIME,npequinor-dev:dataset--File.Generic:73da664b-1ff0-4d42-b388-68faa9ad1d10
57,npequinor-dev:work-product-component--GenericRepresentation:f5a2b345111445e88011af0cf8bdedf2,osdu:wks:work-product-component--GenericRepresentation:1.1.0,4D_JS_FulRes_23au-20au_dTS_0535P_rms,Auto4D,0.3.2,JOHAN SVERDRUP,RMS,Padded,AttributeOfDifference,4D,4D_JS_FulRes_23au-20au_dTS_0535P_rms,Extracted,Timestrain,BetweenHorizons,3D+TAasgard+JS+Z22+Merge_EQ20231_PH2DG3,3D+IUTU+JS+Z22+Merge_EQ20231_PH2DG3,-10.0,10.0,,,,EQ23205DZC23B-KPSDM-RAW-FULL-0535-TIME,EQ20231DZC23A-KPSDM-RAW-FULL-0535-TIME,npequinor-dev:dataset--File.Generic:443c0a4d-7bb1-4832-98a0-d8fee95deb6b
58,npequinor-dev:work-product-component--GenericRepresentation:81101d858bda4ac1be2dfca27c2d3915,osdu:wks:work-product-component--GenericRepresentation:1.1.0,4D_JS_FulRes_23au-20au_dTS_0535M_rms,Auto4D,0.3.2,JOHAN SVERDRUP,RMS,Masked,AttributeOfDifference,4D,4D_JS_FulRes_23au-20au_dTS_0535M_rms,Extracted,Timestrain,BetweenHorizons,3D+TAasgard+JS+Z22+Merge_EQ20231_PH2DG3,3D+IUTU+JS+Z22+Merge_EQ20231_PH2DG3,-10.0,10.0,,,,EQ23205DZC23B-KPSDM-RAW-FULL-0535-TIME,EQ20231DZC23A-KPSDM-RAW-FULL-0535-TIME,npequinor-dev:dataset--File.Generic:4769a038-8cdf-4103-b0db-f07e9c621a89
59,npequinor-dev:work-product-component--GenericRepresentation:f3f11ad42ab84c0082c72939d2d706ab,osdu:wks:work-product-component--GenericRepresentation:1.1.0,4D_JS_FulRes_from_cloud,Auto4D,0.3.1,JOHAN SVERDRUP,MaxNegative,Full,AttributeOfDifference,4D,4D_JS_FulRes_22sp-20aut_DiffTS_0535_maxn,TimeshiftedDifference,Amplitude,BetweenHorizons,3D+TAasgard+JS+Z22+Merge_EQ20231_PH2DG3,3D+IUTU+JS+Z22+Merge_EQ20231_PH2DG3,-10.0,10.0,,,,,,
60,npequinor-dev:work-product-component--GenericRepresentation:3414886b7bb94db3be2d14510b3fbb21,osdu:wks:work-product-component--GenericRepresentation:1.1.0,4D-JS-IngestTest,Auto4D,0.3.1,JOHAN SVERDRUP,MaxNegative,Full,AttributeOfDifference,4D,4D_JS_FulRes_22sp-20aut_DiffTS_0535_maxn,TimeshiftedDifference,Amplitude,BetweenHorizons,3D+TAasgard+JS+Z22+Merge_EQ20231_PH2DG3,3D+IUTU+JS+Z22+Merge_EQ20231_PH2DG3,-10.0,10.0,,,,,,
61,npequinor-dev:work-product-component--GenericRepresentation:61c6323e873f422c967129cce67a72c3,osdu:wks:work-product-component--GenericRepresentation:1.1.0,4D_JS_FulRes_22sp-20au_TS_0535_IUTU-10ms,Auto4D,0.3.1,JOHAN SVERDRUP,value,Full,AttributeOfDifference,4D,4D_JS_FulRes_22sp-20au_TS_0535_IUTU-10ms,Extracted,Timeshift,AroundHorizon,,,,,3D+IUTU+JS+Z22+Merge_EQ20231_PH2DG3,10.0,,,,
62,npequinor-dev:work-product-component--GenericRepresentation:10ab9d74c96a46cdada9fd3a6b6e03d6,osdu:wks:work-product-component--GenericRepresentation:1.1.0,write_from_cloud_test,Auto4D,0.3.1,JOHAN SVERDRUP,MaxNegative,Full,AttributeOfDifference,4D,4D_JS_FulRes_22sp-20aut_DiffTS_0535_maxn,TimeshiftedDifference,Amplitude,BetweenHorizons,3D+TAasgard+JS+Z22+Merge_EQ20231_PH2DG3,3D+IUTU+JS+Z22+Merge_EQ20231_PH2DG3,-10.0,10.0,,,,,,
63,npequinor-dev:work-product-component--GenericRepresentation:4957b9bdf3764930b12b0b8a47962235,osdu:wks:work-product-component--GenericRepresentation:1.1.0,IngestTest,Auto4D,0.3.1,JOHAN SVERDRUP,MaxNegative,Full,AttributeOfDifference,4D,4D_JS_FulRes_22sp-20aut_DiffTS_0535_maxn,TimeshiftedDifference,Amplitude,BetweenHorizons,3D+TAasgard+JS+Z22+Merge_EQ20231_PH2DG3,3D+IUTU+JS+Z22+Merge_EQ20231_PH2DG3,-10.0,10.0,,,,,,
64,npequinor-dev:work-product-component--GenericRepresentation:42d7fbe441074109ad79baf6c448c770,osdu:wks:work-product-component--GenericRepresentation:1.1.0,4D_JS_FulRes_23au-21sp_dTS_0535M_maxp,Auto4D,0.3.1,JOHAN SVERDRUP,MaxPositive,Masked,AttributeOfDifference,4D,4D_JS_FulRes_23au-21sp_dTS_0535M_maxp,Extracted,Timestrain,BetweenHorizons,3D+TAasgard+JS+Z22+Merge_EQ20231_PH2DG3,3D+IUTU+JS+Z22+Merge_EQ20231_PH2DG3,-10.0,10.0,,,,,,
65,npequinor-dev:work-product-component--GenericRepresentation:c2fe152555554f7a94508a78e8917a1e,osdu:wks:work-product-component--GenericRepresentation:1.1.0,4D_JS_FulRes_22sp-20aut_Diff_0535_rms,Auto4D,0.3.1,JOHAN SVERDRUP,RMS,Full,AttributeOfDifference,4D,4D_JS_FulRes_22sp-20aut_Diff_0535_rms,RawDifference,Amplitude,BetweenHorizons,3D+TAasgard+JS+Z22+Merge_EQ20231_PH2DG3,3D+IUTU+JS+Z22+Merge_EQ20231_PH2DG3,-10.0,10.0,,,,,,
66,npequinor-dev:work-product-component--GenericRepresentation:224b7b6449b6457ba75ab925fe4d64ff,osdu:wks:work-product-component--GenericRepresentation:1.1.0,4D_JS_FulRes_23au-21sp_TS_0535M_IUTU-10,Auto4D,0.3.1,JOHAN SVERDRUP,value,Masked,AttributeOfDifference,4D,4D_JS_FulRes_23au-21sp_TS_0535M_IUTU-10,Extracted,Timeshift,AroundHorizon,,,,,3D+IUTU+JS+Z22+Merge_EQ20231_PH2DG3,10.0,,,,
67,npequinor-dev:work-product-component--GenericRepresentation:2d878c2b3ce1469a8e1d04757ecdaa7f,osdu:wks:work-product-component--GenericRepresentation:1.1.0,IB-TEST-AMP-DIFF-MaxNeg-OSDU-Input-Horizon,Auto4D,0.3.2,JOHAN SVERDRUP,MaxPositive,Full,Difference,4D,IB-TEST-AMP-DIFF-MaxNeg-OSDU-Input-Horizon,RawDifference,Amplitude,BetweenHorizons,IB-TEST-1600ms,IB-TEST-1700ms,0.0,0.0,,,,AUTO4D_TEST_MINICUBE_2,AUTO4D_TEST_MINICUBE_1,npequinor-dev:dataset--File.Generic:1b07e4b5-f466-4cad-8a25-0c49b73cb942
68,npequinor-dev:work-product-component--GenericRepresentation:d7bda2f7233f4e298e119424f11902d3,osdu:wks:work-product-component--GenericRepresentation:1.1.0,IB-TEST-AMP-DIFF-MaxPos-OSDU-Input-Horizon,Auto4D,0.3.2,JOHAN SVERDRUP,MaxPositive,Full,Difference,4D,IB-TEST-AMP-DIFF-MaxPos-OSDU-Input-Horizon,RawDifference,Amplitude,BetweenHorizons,IB-TEST-1600ms,IB-TEST-1700ms,0.0,0.0,,,,AUTO4D_TEST_MINICUBE_2,AUTO4D_TEST_MINICUBE_1,npequinor-dev:dataset--File.Generic:5ca2dd41-f23c-4749-93f4-cfe3195e0eff
69,npequinor-dev:work-product-component--GenericRepresentation:5f132703a39f4034891408c285629a41,osdu:wks:work-product-component--GenericRepresentation:1.1.0,IB-TEST-AMP-DIFF-MaxNeg,Auto4D,0.3.2,JOHAN SVERDRUP,MaxPositive,Full,Difference,4D,IB-TEST-AMP-DIFF-MaxNeg,RawDifference,Amplitude,BetweenHorizons,1600ms,1700ms,0.0,0.0,,,,AUTO4D_TEST_MINICUBE_2,AUTO4D_TEST_MINICUBE_1,npequinor-dev:dataset--File.Generic:57dcf972-5b28-4f61-97b7-8730b686f22a
70,npequinor-dev:work-product-component--GenericRepresentation:2f5d8b00efbd4f7fa34050c4613ebd70,osdu:wks:work-product-component--GenericRepresentation:1.1.0,IB-TEST-AMP-DIFF-MaxPos,Auto4D,0.3.2,JOHAN SVERDRUP,MaxPositive,Full,Difference,4D,IB-TEST-AMP-DIFF-MaxPos,RawDifference,Amplitude,BetweenHorizons,1600ms,1700ms,0.0,0.0,,,,AUTO4D_TEST_MINICUBE_2,AUTO4D_TEST_MINICUBE_1,npequinor-dev:dataset--File.Generic:ac1ab517-aed6-4aaa-9b54-e9fc8af02d04
71,npequinor-dev:work-product-component--GenericRepresentation:c6d038802af74c04966655dc44bb7d9a,osdu:wks:work-product-component--GenericRepresentation:1.1.0,4D_JS_FulRes_23au-20au_Diff_0535M_maxp,Auto4D,0.3.2,JOHAN SVERDRUP,MaxPositive,Masked,AttributeOfDifference,4D,4D_JS_FulRes_23au-20au_Diff_0535M_maxp,RawDifference,Amplitude,BetweenHorizons,3D+TAasgard+JS+Z22+Merge_EQ20231_PH2DG3,3D+IUTU+JS+Z22+Merge_EQ20231_PH2DG3,-10.0,10.0,,,,EQ23205DZC23B-KPSDM-RAW-FULL-0535-TIME,EQ20231DZC23A-KPSDM-RAW-FULL-0535-TIME,npequinor-dev:dataset--File.Generic:899014d4-cb98-4c40-93ae-84b3fc83b4c7
72,npequinor-dev:work-product-component--GenericRepresentation:3cceef09b6ac46a296653790cc68e3d4,osdu:wks:work-product-component--GenericRepresentation:1.1.0,4D_JS_FulRes_23sp-22sp_DiffTS_0535_maxn,Auto4D,0.3.2,JOHAN SVERDRUP,MaxNegative,Full,AttributeOfDifference,4D,4D_JS_FulRes_23sp-22sp_DiffTS_0535_maxn,TimeshiftedDifference,Amplitude,BetweenHorizons,3D+TAasgard+JS+Z22+Merge_EQ20231_PH2DG3,3D+IUTU+JS+Z22+Merge_EQ20231_PH2DG3,-10.0,10.0,,,,EQ23200DZC23A-KPSDM-RAW-FULL-0535-TIME,EQ22200DZC23A-KPSDM-RAW-FULL-0535-TIME,npequinor-dev:dataset--File.Generic:52174950-cf68-40c1-8933-c6e01731f1c0
73,npequinor-dev:work-product-component--GenericRepresentation:7c75dc37d3e046c7b0866dd02f54936a,osdu:wks:work-product-component--GenericRepresentation:1.1.0,4D_JS_FulRes_21sp-19auM_Quadr_0535_maxn,Auto4D,0.3.2,JOHAN SVERDRUP,MaxNegative,Masked,AttributeOfDifference,4D,4D_JS_FulRes_21sp-19auM_Quadr_0535_maxn,TimeshiftedDifference,Quadrature,BetweenHorizons,3D+TAasgard+JS+Z22+Merge_EQ20231_PH2DG3,3D+IUTU+JS+Z22+Merge_EQ20231_PH2DG3,-10.0,10.0,,,,EQ21200DZC23A-KPSDM-RAW-FULL-0535-TIME,EQ19231DZC23A-KPSDM-RAW-FULL-0535-TIME,npequinor-dev:dataset--File.Generic:7f279072-ecc4-4132-8209-b4441a824461
74,npequinor-dev:work-product-component--GenericRepresentation:b23da9d04eaf4c7d8195fee2f1ab40eb,osdu:wks:work-product-component--GenericRepresentation:1.1.0,4D_JS_FulRes_21sp-19auM_dTS_0535_maxn,Auto4D,0.3.2,JOHAN SVERDRUP,MaxNegative,Masked,AttributeOfDifference,4D,4D_JS_FulRes_21sp-19auM_dTS_0535_maxn,Extracted,Timestrain,BetweenHorizons,3D+TAasgard+JS+Z22+Merge_EQ20231_PH2DG3,3D+IUTU+JS+Z22+Merge_EQ20231_PH2DG3,-10.0,10.0,,,,EQ21200DZC23A-KPSDM-RAW-FULL-0535-TIME,EQ19231DZC23A-KPSDM-RAW-FULL-0535-TIME,npequinor-dev:dataset--File.Generic:877c698e-00d5-4294-b936-ee0d9ac9dc64
75,npequinor-dev:work-product-component--GenericRepresentation:cf676c791a8945eaabd4ac1fd38b7ed7,osdu:wks:work-product-component--GenericRepresentation:1.1.0,4D_JS_FulRes_23sp-21sp_Diff_0535_maxn,Auto4D,0.3.2,JOHAN SVERDRUP,MaxNegative,Full,AttributeOfDifference,4D,4D_JS_FulRes_23sp-21sp_Diff_0535_maxn,RawDifference,Amplitude,BetweenHorizons,3D+TAasgard+JS+Z22+Merge_EQ20231_PH2DG3,3D+IUTU+JS+Z22+Merge_EQ20231_PH2DG3,-10.0,10.0,,,,EQ23200DZC23A-KPSDM-RAW-FULL-0535-TIME,EQ21200DZC23A-KPSDM-RAW-FULL-0535-TIME,npequinor-dev:dataset--File.Generic:4a16d1a6-e109-4fe6-a11d-d36a47744460
76,npequinor-dev:work-product-component--GenericRepresentation:2edc71595bed4005843fb7ecc7ad5747,osdu:wks:work-product-component--GenericRepresentation:1.1.0,4D_JS_FulRes_23sp-20au_TS_0535_IUTU-10ms,Auto4D,0.3.2,JOHAN SVERDRUP,value,Full,AttributeOfDifference,4D,4D_JS_FulRes_23sp-20au_TS_0535_IUTU-10ms,Extracted,Timeshift,AroundHorizon,,,,,3D+IUTU+JS+Z22+Merge_EQ20231_PH2DG3,10.0,,EQ23200DZC23A-KPSDM-RAW-FULL-0535-TIME,EQ20231DZC23A-KPSDM-RAW-FULL-0535-TIME,npequinor-dev:dataset--File.Generic:38822754-78ae-4e1f-a401-f80112935974
77,npequinor-dev:work-product-component--GenericRepresentation:7963f3edb4a84f27b2b0bccc7f592905,osdu:wks:work-product-component--GenericRepresentation:1.1.0,4D_JS_FulRes_23au-20au_DiffTS_0535M_rms,Auto4D,0.3.2,JOHAN SVERDRUP,RMS,Masked,AttributeOfDifference,4D,4D_JS_FulRes_23au-20au_DiffTS_0535M_rms,TimeshiftedDifference,Amplitude,BetweenHorizons,3D+TAasgard+JS+Z22+Merge_EQ20231_PH2DG3,3D+IUTU+JS+Z22+Merge_EQ20231_PH2DG3,-10.0,10.0,,,,EQ23205DZC23B-KPSDM-RAW-FULL-0535-TIME,EQ20231DZC23A-KPSDM-RAW-FULL-0535-TIME,npequinor-dev:dataset--File.Generic:a5d35bdd-84f4-462c-bcaa-c5d3d35612d4
78,npequinor-dev:work-product-component--GenericRepresentation:1519fb750dbe4a5daf2c0329655fea93,osdu:wks:work-product-component--GenericRepresentation:1.1.0,4D_JS_FulRes_23sp-21sp_Diff_0535_maxp,Auto4D,0.3.2,JOHAN SVERDRUP,MaxPositive,Full,AttributeOfDifference,4D,4D_JS_FulRes_23sp-21sp_Diff_0535_maxp,RawDifference,Amplitude,BetweenHorizons,3D+TAasgard+JS+Z22+Merge_EQ20231_PH2DG3,3D+IUTU+JS+Z22+Merge_EQ20231_PH2DG3,-10.0,10.0,,,,EQ23200DZC23A-KPSDM-RAW-FULL-0535-TIME,EQ21200DZC23A-KPSDM-RAW-FULL-0535-TIME,npequinor-dev:dataset--File.Generic:f804072a-1b25-45f6-b682-747719cab51b
79,npequinor-dev:work-product-component--GenericRepresentation:882eff96b74143b599cdfbde8f0957ce,osdu:wks:work-product-component--GenericRepresentation:1.1.0,4D_JS_FulRes_21sp-19auM_Diff_0535_maxp,Auto4D,0.3.2,JOHAN SVERDRUP,MaxPositive,Masked,AttributeOfDifference,4D,4D_JS_FulRes_21sp-19auM_Diff_0535_maxp,RawDifference,Amplitude,BetweenHorizons,3D+TAasgard+JS+Z22+Merge_EQ20231_PH2DG3,3D+IUTU+JS+Z22+Merge_EQ20231_PH2DG3,-10.0,10.0,,,,EQ21200DZC23A-KPSDM-RAW-FULL-0535-TIME,EQ19231DZC23A-KPSDM-RAW-FULL-0535-TIME,npequinor-dev:dataset--File.Generic:62b6dc00-42ca-407f-91e5-8556dc106ace
80,npequinor-dev:work-product-component--GenericRepresentation:75ec86a54edd4800b37fb4ed3bd35018,osdu:wks:work-product-component--GenericRepresentation:1.1.0,4D_JS_FulRes_23au-20au_Diff_0535M_maxn,Auto4D,0.3.2,JOHAN SVERDRUP,MaxPositive,Masked,AttributeOfDifference,4D,4D_JS_FulRes_21sp-19auM_Diff_0535_maxp,RawDifference,Amplitude,BetweenHorizons,3D+TAasgard+JS+Z22+Merge_EQ20231_PH2DG3,3D+IUTU+JS+Z22+Merge_EQ20231_PH2DG3,-10.0,10.0,,,,EQ21200DZC23A-KPSDM-RAW-FULL-0535-TIME,EQ19231DZC23A-KPSDM-RAW-FULL-0535-TIME,npequinor-dev:dataset--File.Generic:cc6f5d65-e7f7-4c06-b9e8-925b0f50da15
81,npequinor-dev:work-product-component--GenericRepresentation:58fbb597007f4458bba7045366ae6ece,osdu:wks:work-product-component--GenericRepresentation:1.1.0,4D_JS_FulRes_20au-19auM_DiffTS_0535_maxn,Auto4D,0.3.2,JOHAN SVERDRUP,MaxNegative,Masked,AttributeOfDifference,4D,4D_JS_FulRes_20au-19auM_DiffTS_0535_maxn,TimeshiftedDifference,Amplitude,BetweenHorizons,3D+TAasgard+JS+Z22+Merge_EQ20231_PH2DG3,3D+IUTU+JS+Z22+Merge_EQ20231_PH2DG3,-10.0,10.0,,,,EQ20231DZC23A-KPSDM-RAW-FULL-0535-TIME,EQ19231DZC23A-KPSDM-RAW-FULL-0535-TIME,npequinor-dev:dataset--File.Generic:673aeebf-82b0-4e92-8136-18b9b6a62c73
82,npequinor-dev:work-product-component--GenericRepresentation:71867f9c56364b9c9c6a9cd7f233bfe0,osdu:wks:work-product-component--GenericRepresentation:1.1.0,4D_JS_FulRes_22sp-21sp_Diff_0535_rms,Auto4D,0.3.2,JOHAN SVERDRUP,RMS,Full,AttributeOfDifference,4D,4D_JS_FulRes_22sp-21sp_Diff_0535_rms,RawDifference,Amplitude,BetweenHorizons,3D+TAasgard+JS+Z22+Merge_EQ20231_PH2DG3,3D+IUTU+JS+Z22+Merge_EQ20231_PH2DG3,-10.0,10.0,,,,EQ22200DZC23A-KPSDM-RAW-FULL-0535-TIME,EQ21200DZC23A-KPSDM-RAW-FULL-0535-TIME,npequinor-dev:dataset--File.Generic:f51be5d4-0a0d-44f6-9312-77a79d3e90a4
83,npequinor-dev:work-product-component--GenericRepresentation:998497bcfde14df68cf9645bfca77294,osdu:wks:work-product-component--GenericRepresentation:1.1.0,4D_JS_FulRes_23sp-22sp_DiffTS_0535_maxp,Auto4D,0.3.2,JOHAN SVERDRUP,MaxPositive,Full,AttributeOfDifference,4D,4D_JS_FulRes_23sp-22sp_DiffTS_0535_maxp,TimeshiftedDifference,Amplitude,BetweenHorizons,3D+TAasgard+JS+Z22+Merge_EQ20231_PH2DG3,3D+IUTU+JS+Z22+Merge_EQ20231_PH2DG3,-10.0,10.0,,,,EQ23200DZC23A-KPSDM-RAW-FULL-0535-TIME,EQ22200DZC23A-KPSDM-RAW-FULL-0535-TIME,npequinor-dev:dataset--File.Generic:5dbf05d8-467a-455e-9c02-8bf46383de79
84,npequinor-dev:work-product-component--GenericRepresentation:4040cc4a5c3a47849c700f1b535d0d7d,osdu:wks:work-product-component--GenericRepresentation:1.1.0,4D_JS_FulRes_20au-19auM_Diff_0535_maxn,Auto4D,0.3.2,JOHAN SVERDRUP,MaxPositive,Masked,AttributeOfDifference,4D,4D_JS_FulRes_20au-19auM_Quadr_0535_maxp,TimeshiftedDifference,Quadrature,BetweenHorizons,3D+TAasgard+JS+Z22+Merge_EQ20231_PH2DG3,3D+IUTU+JS+Z22+Merge_EQ20231_PH2DG3,-10.0,10.0,,,,EQ20231DZC23A-KPSDM-RAW-FULL-0535-TIME,EQ19231DZC23A-KPSDM-RAW-FULL-0535-TIME,npequinor-dev:dataset--File.Generic:92a3137d-6dc2-4ba5-8b20-a4f12ea6dcd1
85,npequinor-dev:work-product-component--GenericRepresentation:c728ad43ba4142578c18fa277dbdc5c8,osdu:wks:work-product-component--GenericRepresentation:1.1.0,4D_JS_FulRes_21sp-19auM_DiffTS_0535_rms,Auto4D,0.3.2,JOHAN SVERDRUP,RMS,Masked,AttributeOfDifference,4D,4D_JS_FulRes_21sp-19auM_DiffTS_0535_rms,TimeshiftedDifference,Amplitude,BetweenHorizons,3D+TAasgard+JS+Z22+Merge_EQ20231_PH2DG3,3D+IUTU+JS+Z22+Merge_EQ20231_PH2DG3,-10.0,10.0,,,,EQ21200DZC23A-KPSDM-RAW-FULL-0535-TIME,EQ19231DZC23A-KPSDM-RAW-FULL-0535-TIME,npequinor-dev:dataset--File.Generic:0aa00b98-769d-4c6e-81ad-a3d0e461fd4e
86,npequinor-dev:work-product-component--GenericRepresentation:51aa147fe97b4cf88162c1fc75fb0f7c,osdu:wks:work-product-component--GenericRepresentation:1.1.0,4D_JS_FulRes_23sp-22sp_DiffTS_0535_rms,Auto4D,0.3.2,JOHAN SVERDRUP,RMS,Full,AttributeOfDifference,4D,4D_JS_FulRes_23sp-22sp_DiffTS_0535_rms,TimeshiftedDifference,Amplitude,BetweenHorizons,3D+TAasgard+JS+Z22+Merge_EQ20231_PH2DG3,3D+IUTU+JS+Z22+Merge_EQ20231_PH2DG3,-10.0,10.0,,,,EQ23200DZC23A-KPSDM-RAW-FULL-0535-TIME,EQ22200DZC23A-KPSDM-RAW-FULL-0535-TIME,npequinor-dev:dataset--File.Generic:4255a90c-2a87-4a9e-935b-bf6b6628bd0d
87,npequinor-dev:work-product-component--GenericRepresentation:9776db7fafcf42709cd705dba5959220,osdu:wks:work-product-component--GenericRepresentation:1.1.0,4D_JS_FulRes_20au-19auM_Quadr_0535_maxp,Auto4D,0.3.2,JOHAN SVERDRUP,MaxNegative,Full,AttributeOfDifference,4D,4D_JS_FulRes_22sp-20aut_Diff_0535_maxn,RawDifference,Amplitude,BetweenHorizons,3D+TAasgard+JS+Z22+Merge_EQ20231_PH2DG3,3D+IUTU+JS+Z22+Merge_EQ20231_PH2DG3,-10.0,10.0,,,,EQ22200DZC23A-KPSDM-RAW-FULL-0535-TIME,EQ20231DZC23A-KPSDM-RAW-FULL-0535-TIME,npequinor-dev:dataset--File.Generic:7ecff47c-12ba-4b7c-9010-587c7c63f409
88,npequinor-dev:work-product-component--GenericRepresentation:f4bb8e920bd94d72a551f12fc24af501,osdu:wks:work-product-component--GenericRepresentation:1.1.0,4D_JS_FulRes_22sp-20aut_Diff_0535_maxn,Auto4D,0.3.2,JOHAN SVERDRUP,MaxNegative,Full,AttributeOfDifference,4D,4D_JS_FulRes_22sp-20aut_Diff_0535_maxn,RawDifference,Amplitude,BetweenHorizons,3D+TAasgard+JS+Z22+Merge_EQ20231_PH2DG3,3D+IUTU+JS+Z22+Merge_EQ20231_PH2DG3,-10.0,10.0,,,,EQ22200DZC23A-KPSDM-RAW-FULL-0535-TIME,EQ20231DZC23A-KPSDM-RAW-FULL-0535-TIME,npequinor-dev:dataset--File.Generic:acad6208-fb1a-405f-a6d1-46c203a5289c
89,npequinor-dev:work-product-component--GenericRepresentation:a3e8cffac58643619b3a4065e25937e1,osdu:wks:work-product-component--GenericRepresentation:1.1.0,4D_JS_FulRes_23au-20au_dTS_0535M_maxn,Auto4D,0.3.2,JOHAN SVERDRUP,MaxNegative,Full,AttributeOfDifference,4D,4D_JS_FulRes_22sp-20aut_Diff_0535_maxn,RawDifference,Amplitude,BetweenHorizons,3D+TAasgard+JS+Z22+Merge_EQ20231_PH2DG3,3D+IUTU+JS+Z22+Merge_EQ20231_PH2DG3,-10.0,10.0,,,,EQ22200DZC23A-KPSDM-RAW-FULL-0535-TIME,EQ20231DZC23A-KPSDM-RAW-FULL-0535-TIME,npequinor-dev:dataset--File.Generic:5ac8ccab-8f3f-4bb2-b10c-1c0516160f46
90,npequinor-dev:work-product-component--GenericRepresentation:97585e191a3244bdbcd5df9338c09bf2,osdu:wks:work-product-component--GenericRepresentation:1.1.0,4D_JS_FulRes_23au-20au_Diff_0535P_maxp,Auto4D,0.3.2,JOHAN SVERDRUP,MaxNegative,Full,AttributeOfDifference,4D,4D_JS_FulRes_22sp-20aut_Diff_0535_maxn,RawDifference,Amplitude,BetweenHorizons,3D+TAasgard+JS+Z22+Merge_EQ20231_PH2DG3,3D+IUTU+JS+Z22+Merge_EQ20231_PH2DG3,-10.0,10.0,,,,EQ22200DZC23A-KPSDM-RAW-FULL-0535-TIME,EQ20231DZC23A-KPSDM-RAW-FULL-0535-TIME,npequinor-dev:dataset--File.Generic:e9dd8aae-302d-459c-9488-461a8d78db81
91,npequinor-dev:work-product-component--GenericRepresentation:0b255f0fc59847e7b7b39bacfc5c2c85,osdu:wks:work-product-component--GenericRepresentation:1.1.0,4D_JS_FulRes_22sp-21sp_DiffTS_0535_maxp,Auto4D,0.3.2,JOHAN SVERDRUP,MaxPositive,Full,AttributeOfDifference,4D,4D_JS_FulRes_22sp-21sp_DiffTS_0535_maxp,TimeshiftedDifference,Amplitude,BetweenHorizons,3D+TAasgard+JS+Z22+Merge_EQ20231_PH2DG3,3D+IUTU+JS+Z22+Merge_EQ20231_PH2DG3,-10.0,10.0,,,,EQ22200DZC23A-KPSDM-RAW-FULL-0535-TIME,EQ21200DZC23A-KPSDM-RAW-FULL-0535-TIME,npequinor-dev:dataset--File.Generic:f50b0228-7891-44cf-b451-f9dcb1a33f14
92,npequinor-dev:work-product-component--GenericRepresentation:75b7b7c3856043989b440ea3ec9521f5,osdu:wks:work-product-component--GenericRepresentation:1.1.0,4D_JS_FulRes_23sp-20aut_DiffTS_0535_maxp,Auto4D,0.3.2,JOHAN SVERDRUP,MaxPositive,Full,AttributeOfDifference,4D,4D_JS_FulRes_23sp-20aut_DiffTS_0535_maxp,TimeshiftedDifference,Amplitude,BetweenHorizons,3D+TAasgard+JS+Z22+Merge_EQ20231_PH2DG3,3D+IUTU+JS+Z22+Merge_EQ20231_PH2DG3,-10.0,10.0,,,,EQ23200DZC23A-KPSDM-RAW-FULL-0535-TIME,EQ20231DZC23A-KPSDM-RAW-FULL-0535-TIME,npequinor-dev:dataset--File.Generic:6c54bf9e-d65a-4968-aa3d-334936c9facf
93,npequinor-dev:work-product-component--GenericRepresentation:1937a3e790d54d0cb078656866769282,osdu:wks:work-product-component--GenericRepresentation:1.1.0,4D_JS_FulRes_23au-20au_DiffTS_0535M_maxp,Auto4D,0.3.2,JOHAN SVERDRUP,MaxPositive,Masked,AttributeOfDifference,4D,4D_JS_FulRes_23au-20au_DiffTS_0535M_maxp,TimeshiftedDifference,Amplitude,BetweenHorizons,3D+TAasgard+JS+Z22+Merge_EQ20231_PH2DG3,3D+IUTU+JS+Z22+Merge_EQ20231_PH2DG3,-10.0,10.0,,,,EQ23205DZC23B-KPSDM-RAW-FULL-0535-TIME,EQ20231DZC23A-KPSDM-RAW-FULL-0535-TIME,npequinor-dev:dataset--File.Generic:466b6625-8b35-4d29-aa4d-f928d87c691f
94,npequinor-dev:work-product-component--GenericRepresentation:f78dbef7e96e4e00977ea288dc3bd02f,osdu:wks:work-product-component--GenericRepresentation:1.1.0,4D_JS_FulRes_23au-20au_DiffTS_0535P_maxp,Auto4D,0.3.2,JOHAN SVERDRUP,MaxPositive,Padded,AttributeOfDifference,4D,4D_JS_FulRes_23au-20au_DiffTS_0535P_maxp,TimeshiftedDifference,Amplitude,BetweenHorizons,3D+TAasgard+JS+Z22+Merge_EQ20231_PH2DG3,3D+IUTU+JS+Z22+Merge_EQ20231_PH2DG3,-10.0,10.0,,,,EQ23205DZC23B-KPSDM-RAW-FULL-0535-TIME,EQ20231DZC23A-KPSDM-RAW-FULL-0535-TIME,npequinor-dev:dataset--File.Generic:fa9a0db3-559a-4749-bd97-4319cacba518
95,npequinor-dev:work-product-component--GenericRepresentation:1610ec47d8e84a8299d4d25a4dfc6a67,osdu:wks:work-product-component--GenericRepresentation:1.1.0,4D_JS_FulRes_20au-19auM_Diff_0535_maxp,Auto4D,0.3.2,JOHAN SVERDRUP,MaxPositive,Padded,AttributeOfDifference,4D,4D_JS_FulRes_23au-20au_DiffTS_0535P_maxp,TimeshiftedDifference,Amplitude,BetweenHorizons,3D+TAasgard+JS+Z22+Merge_EQ20231_PH2DG3,3D+IUTU+JS+Z22+Merge_EQ20231_PH2DG3,-10.0,10.0,,,,EQ23205DZC23B-KPSDM-RAW-FULL-0535-TIME,EQ20231DZC23A-KPSDM-RAW-FULL-0535-TIME,npequinor-dev:dataset--File.Generic:cf2f9990-94bf-42b0-96ba-55d712edc4e2
96,npequinor-dev:work-product-component--GenericRepresentation:1ffef3aca75f4d729aa5aba2c80de44f,osdu:wks:work-product-component--GenericRepresentation:1.1.0,4D_JS_FulRes_22sp-20aut_DiffTS_0535_maxn,Auto4D,0.3.2,JOHAN SVERDRUP,MaxPositive,Padded,AttributeOfDifference,4D,4D_JS_FulRes_23au-20au_DiffTS_0535P_maxp,TimeshiftedDifference,Amplitude,BetweenHorizons,3D+TAasgard+JS+Z22+Merge_EQ20231_PH2DG3,3D+IUTU+JS+Z22+Merge_EQ20231_PH2DG3,-10.0,10.0,,,,EQ23205DZC23B-KPSDM-RAW-FULL-0535-TIME,EQ20231DZC23A-KPSDM-RAW-FULL-0535-TIME,npequinor-dev:dataset--File.Generic:acdfc2ba-9d54-4414-805a-4ae9ceab3fb9
97,npequinor-dev:work-product-component--GenericRepresentation:bece530241e048618d86382e15203aea,osdu:wks:work-product-component--GenericRepresentation:1.1.0,4D_JS_FulRes_23sp-22sp_Diff_0535_maxp,Auto4D,0.3.2,JOHAN SVERDRUP,MaxNegative,Full,AttributeOfDifference,4D,4D_JS_FulRes_22sp-20aut_Diff_0535_maxn,RawDifference,Amplitude,BetweenHorizons,3D+TAasgard+JS+Z22+Merge_EQ20231_PH2DG3,3D+IUTU+JS+Z22+Merge_EQ20231_PH2DG3,-10.0,10.0,,,,EQ22200DZC23A-KPSDM-RAW-FULL-0535-TIME,EQ20231DZC23A-KPSDM-RAW-FULL-0535-TIME,npequinor-dev:dataset--File.Generic:a9018828-ac85-42c8-bb41-482ddd8a39c9
98,npequinor-dev:work-product-component--GenericRepresentation:78b8a4604baa41a5bd7b6ad6f76ab69c,osdu:wks:work-product-component--GenericRepresentation:1.1.0,4D_JS_FulRes_22sp-21sp_Diff_0535_maxn,Auto4D,0.3.2,JOHAN SVERDRUP,MaxNegative,Full,AttributeOfDifference,4D,4D_JS_FulRes_22sp-20aut_Diff_0535_maxn,RawDifference,Amplitude,BetweenHorizons,3D+TAasgard+JS+Z22+Merge_EQ20231_PH2DG3,3D+IUTU+JS+Z22+Merge_EQ20231_PH2DG3,-10.0,10.0,,,,EQ22200DZC23A-KPSDM-RAW-FULL-0535-TIME,EQ20231DZC23A-KPSDM-RAW-FULL-0535-TIME,npequinor-dev:dataset--File.Generic:7457c013-bafc-41cf-9778-eb65c51284a0
99,npequinor-dev:work-product-component--GenericRepresentation:1c237e9d42d84248b998d8b94fb3fd9a,osdu:wks:work-product-component--GenericRepresentation:1.1.0,4D_JS_FulRes_23sp-20aut_DiffTS_0535_rms,Auto4D,0.3.2,JOHAN SVERDRUP,MaxNegative,Full,AttributeOfDifference,4D,4D_JS_FulRes_22sp-20aut_Diff_0535_maxn,RawDifference,Amplitude,BetweenHorizons,3D+TAasgard+JS+Z22+Merge_EQ20231_PH2DG3,3D+IUTU+JS+Z22+Merge_EQ20231_PH2DG3,-10.0,10.0,,,,EQ22200DZC23A-KPSDM-RAW-FULL-0535-TIME,EQ20231DZC23A-KPSDM-RAW-FULL-0535-TIME,npequinor-dev:dataset--File.Generic:05f79ec9-9a2f-4800-82ec-3a509d108e0a
100,npequinor-dev:work-product-component--GenericRepresentation:8a2dae52c9b7419db77d59c27e5328c8,osdu:wks:work-product-component--GenericRepresentation:1.1.0,4D_JS_FulRes_21sp-19auM_TS_0535_IUTU-10,Auto4D,0.3.2,JOHAN SVERDRUP,value,Masked,AttributeOfDifference,4D,4D_JS_FulRes_21sp-19auM_TS_0535_IUTU-10,Extracted,Timeshift,AroundHorizon,,,,,3D+IUTU+JS+Z22+Merge_EQ20231_PH2DG3,10.0,,EQ21200DZC23A-KPSDM-RAW-FULL-0535-TIME,EQ19231DZC23A-KPSDM-RAW-FULL-0535-TIME,npequinor-dev:dataset--File.Generic:e990f558-7392-459e-bb26-ac9a2fc8b87d
101,npequinor-dev:work-product-component--GenericRepresentation:be3e9f0c5e9a473d8d7e0c1c4a9dae96,osdu:wks:work-product-component--GenericRepresentation:1.1.0,4D_JS_FulRes_23au-20au_TS_0535M_IUTU-10,Auto4D,0.3.2,JOHAN SVERDRUP,value,Masked,AttributeOfDifference,4D,4D_JS_FulRes_23au-20au_TS_0535M_IUTU-10,Extracted,Timeshift,AroundHorizon,,,,,3D+IUTU+JS+Z22+Merge_EQ20231_PH2DG3,10.0,,EQ23205DZC23B-KPSDM-RAW-FULL-0535-TIME,EQ20231DZC23A-KPSDM-RAW-FULL-0535-TIME,npequinor-dev:dataset--File.Generic:9d9aaa4d-9e2d-45a8-ac0c-1ffca469067e
102,npequinor-dev:work-product-component--GenericRepresentation:bba1166a354749b68d37bcf017f0d893,osdu:wks:work-product-component--GenericRepresentation:1.1.0,4D_JS_FulRes_21sp-20au_DiffTS_0535_maxp,Auto4D,0.3.2,JOHAN SVERDRUP,MaxPositive,Masked,AttributeOfDifference,4D,4D_JS_FulRes_20au-19auM_DiffTS_0535_maxp,TimeshiftedDifference,Amplitude,BetweenHorizons,3D+TAasgard+JS+Z22+Merge_EQ20231_PH2DG3,3D+IUTU+JS+Z22+Merge_EQ20231_PH2DG3,-10.0,10.0,,,,EQ20231DZC23A-KPSDM-RAW-FULL-0535-TIME,EQ19231DZC23A-KPSDM-RAW-FULL-0535-TIME,npequinor-dev:dataset--File.Generic:404535fd-1d58-4212-962a-533d5118ed71
103,npequinor-dev:work-product-component--GenericRepresentation:3b7d0ab2d02a4bffa48a427acc118d0a,osdu:wks:work-product-component--GenericRepresentation:1.1.0,4D_JS_FulRes_23au-20au_Quadr_0535M_rms,Auto4D,0.3.2,JOHAN SVERDRUP,MaxPositive,Masked,AttributeOfDifference,4D,4D_JS_FulRes_20au-19auM_DiffTS_0535_maxp,TimeshiftedDifference,Amplitude,BetweenHorizons,3D+TAasgard+JS+Z22+Merge_EQ20231_PH2DG3,3D+IUTU+JS+Z22+Merge_EQ20231_PH2DG3,-10.0,10.0,,,,EQ20231DZC23A-KPSDM-RAW-FULL-0535-TIME,EQ19231DZC23A-KPSDM-RAW-FULL-0535-TIME,npequinor-dev:dataset--File.Generic:bd7a5381-4935-46c8-b90c-20149cedc018
104,npequinor-dev:work-product-component--GenericRepresentation:1dc03b301c9248dcb465d93a57308474,osdu:wks:work-product-component--GenericRepresentation:1.1.0,4D_JS_FulRes_23au-20au_Quadr_0535P_maxn,Auto4D,0.3.2,JOHAN SVERDRUP,RMS,Padded,AttributeOfDifference,4D,4D_JS_FulRes_23au-20au_Quadr_0535P_rms,TimeshiftedDifference,Quadrature,BetweenHorizons,3D+TAasgard+JS+Z22+Merge_EQ20231_PH2DG3,3D+IUTU+JS+Z22+Merge_EQ20231_PH2DG3,-10.0,10.0,,,,EQ23205DZC23B-KPSDM-RAW-FULL-0535-TIME,EQ20231DZC23A-KPSDM-RAW-FULL-0535-TIME,npequinor-dev:dataset--File.Generic:394e36ea-489f-4a90-a487-885e7ce83e07
105,npequinor-dev:work-product-component--GenericRepresentation:ca52f582553d40678868d5d362d27ac0,osdu:wks:work-product-component--GenericRepresentation:1.1.0,4D_JS_FulRes_23au-20au_Quadr_0535P_rms,Auto4D,0.3.2,JOHAN SVERDRUP,RMS,Padded,AttributeOfDifference,4D,4D_JS_FulRes_23au-20au_Quadr_0535P_rms,TimeshiftedDifference,Quadrature,BetweenHorizons,3D+TAasgard+JS+Z22+Merge_EQ20231_PH2DG3,3D+IUTU+JS+Z22+Merge_EQ20231_PH2DG3,-10.0,10.0,,,,EQ23205DZC23B-KPSDM-RAW-FULL-0535-TIME,EQ20231DZC23A-KPSDM-RAW-FULL-0535-TIME,npequinor-dev:dataset--File.Generic:daf4f227-9111-4edf-b6fe-1dcafdf87be1
106,npequinor-dev:work-product-component--GenericRepresentation:091f02aecc2741b1be3fe330c1c6c5f9,osdu:wks:work-product-component--GenericRepresentation:1.1.0,4D_JS_FulRes_23sp-21sp_DiffTS_0535_maxn,Auto4D,0.3.2,JOHAN SVERDRUP,MaxNegative,Full,AttributeOfDifference,4D,4D_JS_FulRes_23sp-21sp_DiffTS_0535_maxn,TimeshiftedDifference,Amplitude,BetweenHorizons,3D+TAasgard+JS+Z22+Merge_EQ20231_PH2DG3,3D+IUTU+JS+Z22+Merge_EQ20231_PH2DG3,-10.0,10.0,,,,EQ23200DZC23A-KPSDM-RAW-FULL-0535-TIME,EQ21200DZC23A-KPSDM-RAW-FULL-0535-TIME,npequinor-dev:dataset--File.Generic:c7c20325-f019-4a97-88e2-10a7aeaa83ef
107,npequinor-dev:work-product-component--GenericRepresentation:827b5770badb4dc18454a9960b42531a,osdu:wks:work-product-component--GenericRepresentation:1.1.0,kjef_test_4D_JS_FulRes_20au-19auM_Quadr_0535_maxn,Auto4D,0.3.2,JOHAN SVERDRUP,MaxNegative,Masked,AttributeOfDifference,4D,4D_JS_FulRes_20au-19auM_Quadr_0535_maxn,TimeshiftedDifference,Quadrature,BetweenHorizons,3D+TAasgard+JS+Z22+Merge_EQ20231_PH2DG3,3D+IUTU+JS+Z22+Merge_EQ20231_PH2DG3,-10.0,10.0,,,,EQ20231DZC23A-KPSDM-RAW-FULL-0535-TIME,EQ19231DZC23A-KPSDM-RAW-FULL-0535-TIME,npequinor-dev:dataset--File.Generic:bd0f79fb-d548-485c-bf45-168b0105e833
108,npequinor-dev:work-product-component--GenericRepresentation:2465e2f47f05436a97e2652432e36b7c,osdu:wks:work-product-component--GenericRepresentation:1.1.0,kjef_test_4D_JS_FulRes_23au-20au_DiffTS_0535M_maxn,Auto4D,0.3.2,JOHAN SVERDRUP,MaxNegative,Masked,AttributeOfDifference,4D,4D_JS_FulRes_23au-20au_DiffTS_0535M_maxn,TimeshiftedDifference,Amplitude,BetweenHorizons,3D+TAasgard+JS+Z22+Merge_EQ20231_PH2DG3,3D+IUTU+JS+Z22+Merge_EQ20231_PH2DG3,-10.0,10.0,,,,EQ23205DZC23B-KPSDM-RAW-FULL-0535-TIME,EQ20231DZC23A-KPSDM-RAW-FULL-0535-TIME,npequinor-dev:dataset--File.Generic:ac81a78e-484e-4df5-ac80-ebd1b91c09f8
109,npequinor-dev:work-product-component--GenericRepresentation:1fe128bed8554c52b90c3c0aae23bede,osdu:wks:work-product-component--GenericRepresentation:1.1.0,kjef_test_4D_JS_FulRes_20au-19auM_Diff_0535_maxn,Auto4D,0.3.2,JOHAN SVERDRUP,MaxNegative,Masked,AttributeOfDifference,4D,4D_JS_FulRes_20au-19auM_Diff_0535_maxn,RawDifference,Amplitude,BetweenHorizons,3D+TAasgard+JS+Z22+Merge_EQ20231_PH2DG3,3D+IUTU+JS+Z22+Merge_EQ20231_PH2DG3,-10.0,10.0,,,,EQ20231DZC23A-KPSDM-RAW-FULL-0535-TIME,EQ19231DZC23A-KPSDM-RAW-FULL-0535-TIME,npequinor-dev:dataset--File.Generic:19a60d74-da4a-4514-bfbf-e4fee4e51ac1
110,npequinor-dev:work-product-component--GenericRepresentation:f9a8d04cda3a4c5fba2b38af4bac932f,osdu:wks:work-product-component--GenericRepresentation:1.1.0,kjef_test_4D_JS_FulRes_23au-20au_DiffTS_0535M_rms,Auto4D,0.3.2,JOHAN SVERDRUP,RMS,Masked,AttributeOfDifference,4D,4D_JS_FulRes_23au-20au_DiffTS_0535M_rms,TimeshiftedDifference,Amplitude,BetweenHorizons,3D+TAasgard+JS+Z22+Merge_EQ20231_PH2DG3,3D+IUTU+JS+Z22+Merge_EQ20231_PH2DG3,-10.0,10.0,,,,EQ23205DZC23B-KPSDM-RAW-FULL-0535-TIME,EQ20231DZC23A-KPSDM-RAW-FULL-0535-TIME,npequinor-dev:dataset--File.Generic:d4dcb1c7-d3c7-43a7-8a21-0eeb15863f1d
111,npequinor-dev:work-product-component--GenericRepresentation:2692f15bc9524337bc6c46fb2602ffef,osdu:wks:work-product-component--GenericRepresentation:1.1.0,4D_JS_FulRes_21sp-20au_DiffTS_0535_maxp,Auto4D,0.3.2,JOHAN SVERDRUP,MaxNegative,Full,AttributeOfDifference,4D,4D_JS_FulRes_23sp-21sp_DiffTS_0535_maxn,TimeshiftedDifference,Amplitude,BetweenHorizons,3D+TAasgard+JS+Z22+Merge_EQ20231_PH2DG3,3D+IUTU+JS+Z22+Merge_EQ20231_PH2DG3,-10.0,10.0,,,,EQ23200DZC23A-KPSDM-RAW-FULL-0535-TIME,EQ21200DZC23A-KPSDM-RAW-FULL-0535-TIME,npequinor-dev:dataset--File.Generic:eb8593bc-dba3-4011-9617-4903df3e7026
112,npequinor-dev:work-product-component--GenericRepresentation:e001d33baa3e4b469e61564fc24cbd17,osdu:wks:work-product-component--GenericRepresentation:1.1.0,4D_JS_FulRes_23au-20au_RI_0535M_rms,Auto4D,0.3.2,JOHAN SVERDRUP,RMS,Masked,AttributeOfDifference,4D,4D_JS_FulRes_23au-20au_RI_0535M_rms,TimeshiftedDifference,RelativeAcousticImpedance,BetweenHorizons,3D+TAasgard+JS+Z22+Merge_EQ20231_PH2DG3,3D+IUTU+JS+Z22+Merge_EQ20231_PH2DG3,-10.0,10.0,,,,EQ23205DZC23B-KPSDM-RAW-FULL-0535-TIME,EQ20231DZC23A-KPSDM-RAW-FULL-0535-TIME,npequinor-dev:dataset--File.Generic:2a6d7157-0088-4a07-9c0a-cd8b78ba66cd
113,npequinor-dev:work-product-component--GenericRepresentation:5aed525e0d884b0a843f925319462005,osdu:wks:work-product-component--GenericRepresentation:1.1.0,4D_JS_FulRes_20au-19auM_DiffTS_0535_maxp,Auto4D,0.3.2,JOHAN SVERDRUP,MaxNegative,Full,AttributeOfDifference,4D,4D_JS_FulRes_23sp-21sp_DiffTS_0535_maxn,TimeshiftedDifference,Amplitude,BetweenHorizons,3D+TAasgard+JS+Z22+Merge_EQ20231_PH2DG3,3D+IUTU+JS+Z22+Merge_EQ20231_PH2DG3,-10.0,10.0,,,,EQ23200DZC23A-KPSDM-RAW-FULL-0535-TIME,EQ21200DZC23A-KPSDM-RAW-FULL-0535-TIME,npequinor-dev:dataset--File.Generic:d10c6807-5dc3-4711-9fd8-6146e89cc282
114,npequinor-dev:work-product-component--GenericRepresentation:96902dd8202e46ec96e127637476c204,osdu:wks:work-product-component--GenericRepresentation:1.1.0,4D_JS_FulRes_23sp-22sp_Diff_0535_maxn,Auto4D,0.3.2,JOHAN SVERDRUP,MaxPositive,Full,AttributeOfDifference,4D,4D_JS_FulRes_22sp-21sp_DiffTS_0535_maxp,TimeshiftedDifference,Amplitude,BetweenHorizons,3D+TAasgard+JS+Z22+Merge_EQ20231_PH2DG3,3D+IUTU+JS+Z22+Merge_EQ20231_PH2DG3,-10.0,10.0,,,,EQ22200DZC23A-KPSDM-RAW-FULL-0535-TIME,EQ21200DZC23A-KPSDM-RAW-FULL-0535-TIME,npequinor-dev:dataset--File.Generic:8def6b0f-abe6-455a-9d06-102738fe7294
115,npequinor-dev:work-product-component--GenericRepresentation:f812efa773dc4eab8a8d69d128fea2c1,osdu:wks:work-product-component--GenericRepresentation:1.1.0,kjef_test_4D_JS_FulRes_20au-19auM_Diff_0535_maxn,Auto4D,0.3.2,JOHAN SVERDRUP,MaxNegative,Masked,AttributeOfDifference,4D,4D_JS_FulRes_23au-20au_DiffTS_0535M_maxn,TimeshiftedDifference,Amplitude,BetweenHorizons,3D+TAasgard+JS+Z22+Merge_EQ20231_PH2DG3,3D+IUTU+JS+Z22+Merge_EQ20231_PH2DG3,-10.0,10.0,,,,EQ23205DZC23B-KPSDM-RAW-FULL-0535-TIME,EQ20231DZC23A-KPSDM-RAW-FULL-0535-TIME,npequinor-dev:dataset--File.Generic:baa964a4-f292-4876-8242-0f696cefdcca
116,npequinor-dev:work-product-component--GenericRepresentation:08ef41d5b60e4c9b83215be9063864f8,osdu:wks:work-product-component--GenericRepresentation:1.1.0,kjef_test_4D_JS_FulRes_20au-19auM_Diff_0535_maxn,Auto4D,0.3.2,JOHAN SVERDRUP,MaxNegative,Masked,AttributeOfDifference,4D,4D_JS_FulRes_20au-19auM_Diff_0535_maxn,RawDifference,Amplitude,BetweenHorizons,3D+TAasgard+JS+Z22+Merge_EQ20231_PH2DG3,3D+IUTU+JS+Z22+Merge_EQ20231_PH2DG3,-10.0,10.0,,,,EQ20231DZC23A-KPSDM-RAW-FULL-0535-TIME,EQ19231DZC23A-KPSDM-RAW-FULL-0535-TIME,npequinor-dev:dataset--File.Generic:707ef9f9-c393-41d4-949f-a885ca273cbb
